ingredient,vegan
сыр творожный,-1
кабачковая икра,1
цицак,0
сушеная зелень,1
клементины,1
острые колбаски сальчичон,0
рис бомба,1
колбаса вегетарианская,1
пшеничная лапша,1
свиные кости,0
фенхель,1
копченая колбаса,0
консервированные ракушки-венерки,0
малиновая икра тобико,0
тапиока хлопья,1
вяленая икра,0
креветочная паста,-1
яблоко,1
обезжиренное молоко,0
лимонный мармелад,1
цветы одуванчика,1
мясо глухаря,0
цельнозерновая булочка,1
французские бобы,1
кефир 1-ый,-1
ряженка,0
сушеный зеленый лук,1
творожный сыр hochland с зеленью,0
котлета для бургера,1
улитки,-1
фенхель морской,1
рис нероне,0
кроличий фарш,-1
замороженные шайбочки шпината,1
мука из твердых сортов пшеницы,1
арбузный сок,1
специи для креветок,1
пучок зеленого лука,1
смесь итальянских трав,1
бобы,1
фруктовое пюре,1
перец соль,1
мандарин,1
очищенный фундук,1
розмарин молотый,1
краснодарский рис,0
водоросли норилист,1
брокколи рааб,1
молоко 6-ное,0
сироп финиковый,1
зеленая паста карри,1
куриная спинка,0
филе морского петуха,0
альбумин,-1
артишоки в масле,1
оливки gaea green kalamata,1
консервированный лосось,0
слабосоленый сыр сулугуни,0
стейк из семги,0
соус барбекю,0
кофейный экстракт,1
ножка пулярки,0
нутрия,0
паста томатная,1
сухой мартини,0
радиккьо-кастельфранко,1
куриный бульонный кубик,0
горох желтый,1
варено-копченая говядина,0
лапша соба,1
панировочные сухари панко,1
специи для салата,1
ежевичное пюре,1
консервированный ананас,1
тигровые креветки в рассоле,0
говяжьи отбивные с косточкой,0
яйца каракатицы,0
зеленый чай пудра,1
ньокки,1
песочное печенье,0
сушеные грибы,1
соус ранч,0
тосты,0
остов утки,0
зеленая капуста,1
сметана или майонез,0
филе соленой сельди,-1
телячья печень,-1
квасное сусло,0
подосиновики,1
гречка зеленая,1
стаут,1
молодой лук-порей,1
пророщенная киноа,1
перец,1
куриные бедра,0
стружка кокосовая,1
миноги,-1
мини свекла,1
сок,1
пастернак,1
лярд,0
паприка сушеная,1
говяжьи щечки,-1
соль чернаягималайская,1
замороженные фрукты,1
маринованные грибы,1
карбонад,-1
сыр пекорино,-1
филе грудки индейки,0
тесто для лазаньи,1
диетические дрожжи,1
мясо гребешков,-1
хлопья красного перца,1
инжир сушеный,1
сливки 38-ные,0
смесь «пять перцев»,1
темный пальмовый сахар,1
свежевыжатый апельсиновый сок,1
гранатовый сироп,1
свиная бескостная шея,0
легкий соевый соус,1
лапша яичная для вока,0
очищенный несоленый арахис,1
хересный уксус,0
пророщенная соя,1
китайская мальтоза,0
паста паккери,0
датское слоеное тесто,0
дрожжи дезактивированные,1
нуга,-1
паста из перцев чипотле,1
черноплодная рябина,1
ставрида,0
ореховая смесь миндаль арахис фундук,1
консервированная кукуруза,1
соус сальса,1
капуста брокколи,1
суджук,-1
соевый соус понзу,1
сыр базирон песто,0
сыр «альметте» с чесноком,0
дезодорированное рафинированное растительное масло,0
консервированные сердцевины пальмы,1
лимоны,1
молоко,-1
сливочный йогурт,-1
бакинские помидоры,1
консервированные каштаны,1
бараньи котлеты на косточке,0
глазурь «темный шоколад» droetker,0
капуста фиолетовая,1
голубой мак,0
светлое кунжутное масло,1
ромовая эссенция,0
манка,1
лавровый лист порошок,1
кориандрмолотый,1
азербайджанский лаваш,0
паста конкилье,0
паприка сушеная в кусочках,1
утка,-1
цыпленок,0
сыр горгонзола,-1
клубничный соус,1
шампиньоны,1
виноградное желе,0
льняное масло,1
черри бренди,0
чернослив,1
какао-порошок,1
натуральный обезжиренный йогурт,0
майонез постныйупаковка,1
сушеные груши,1
масло из грецкого ореха,-1
осетрина,0
низколактозное обезжиренное молоко,0
крахмальная лапша,1
конфеты maltesers,0
шокодад «марс»,0
обжаренные кедровые орехи,1
красная икра,-1
приправа для капусты по-корейски,1
речная рыба,-1
ром «бакарди»,0
копченая индейка,-1
сыр «виола»,0
сыр дерби,-1
чатни,1
красный перец чили,1
креветочные чипсы,-1
яблочный сок без мякоти,1
овощи,1
итальянская колбаса,-1
козленок,-1
амаретти,0
горчичный соус с базиликом,1
соус тако,1
свиная вырезка,0
печенье oreo,1
черный шоколад 60,1
орех пеканможно грецкий,1
крупа манная,1
вареный говяжий язык,-1
содовый хлеб,1
сладкий красный лук,1
эскарол,1
чабрец,1
баранье сердце,-1
свиное филе,0
лесные ягоды,1
крахмал кукурузный,1
рисовый темный сироп,1
крем патисьер,1
красный виноград без косточек,1
салат листовой,1
черничный джем,1
икра тобико,-1
миндальная паста,1
замороженные маслята,1
коричневая чечевица,1
репа,1
смесь семи специй,1
севрюга,-1
ревень,1
березовый сок,1
острая колбаса,0
винный белый соус,0
филе копченой пикши,0
белый хлебный мякиш,0
свекольное пюре,1
тесто для спринг роллов,1
соус emile noel с дижонской горчицей,0
светлый эль,0
пшеничная мука небеленая,1
цедра,1
конфеты kitkat,0
оливки большие без косточек в масле,1
маринованные огурцы,1
пюре из личи,1
огурецсвежий,1
жирная сметана,0
цыплячьи грудки,0
молотый анис бадьян,1
красный песто,1
семечки тыквы,1
смалец,-1
стручок ванили,1
шоколадный ликер,0
брокколи,1
сироп топинамбура,1
желтые сливы,1
творог обезжиренный,-1
мука тыквенная,1
свекла,1
апельсиновая кожура,1
пюре из черной смородины,1
пекмез,1
чеснок крупные зубчики,1
порошок меренги,0
земляничное пюре,1
ржаная крупа,1
паста из черных бобов,1
цветы фиалок,0
ликер апельсиновый,0
пшеничная закваска,1
поросенок,0
карри мадрас,1
зеленый лук или другая зелень,1
белый кондитерский шоколад,0
ванильжидкая или в порошке,0
лист свеклы,1
перец красный жгучий,1
репчатый лук,1
брынза,-1
лангустины,0
мука нутовая,1
сыр фонтина,-1
черная редька,1
филе сардины,-1
белый картофель,1
сливочное печенье,-1
лист смородины,1
паста феттучини из шпината,1
печенье «топленое молоко»,0
филе дикого кабана,-1
говяжье турнедо,-1
пармезан тертый,-1
молодой картофель,1
цитрусово-соевый соус,0
свиная колбаса с чесноком,0
соевый порошок,1
мелко рубленный чеснок,1
сахарная пудра,1
сушеные лисички,1
соус томатный,1
колотый лед,0
уксус яблочный 6,1
столовый уксус,1
корень сельдерея,1
бульон хондаши,0
томатный сок со специями,1
креветки королевские,0
лук репчатый белый,1
сливочное масло,-1
мука из киноа,1
груши,1
баклажаны,1
сливки,0
мука кокосовая,1
болгарский перец,1
томатный сок,1
черная смородина,1
рисовые чипсы,1
клюквенный шербет,1
замороженное пюре из черной смородины,1
свиная грудинка,0
листья перечной мяты,1
тандури,1
приправа для рыбы,0
салат руккола,1
копченый миндаль,1
соус якитори,1
питьевой спирт,0
молотый сушеный чеснок,1
свежая зелень иили салат листовой,1
филе макруруса,0
клубника,1
квашеная капуста,1
жареные фисташки,0
говяжий бекон,0
апельсиновый мед,0
пальчиковые помидоры,1
говяжье сердце,0
горох маш,1
смесь «четыре риса»,1
желтые семена горчицы,1
кофе мелкого помола,1
копченые кальмары,0
арбузы,1
капуста морская,1
сушеные персики,1
шоколадный сыр,0
куриная голень,0
жирные сливки,-1
говяжья рулька,0
фрамбуаз,1
мятный сироп,1
мини картофель,1
атлантический лосось,-1
грудка цесарки,0
свиная варено-копченая шейка,0
инжир,1
маринованные маслята,1
горячая вода не кипяток,0
салатная смесь «еда»,1
клюквенный сок,1
черный кофе,1
маринованные листья горчицы,1
капуста брюссельская,1
мягкий обезжиренный творог,0
бекон из индейки,-1
сушеный эстрагон,1
водоросли,1
сыр бри,-1
трюфельный соус сальса,1
свежий измельченный розмарин,1
маринад,0
стручковая фасоль,1
абрикосовый конфитюр,1
соевый йогурт,1
шоколадные бисквиты,0
лимонный шербет,1
ванильные сухари,1
оливки фаршированные красным перцем,1
сухарики со вкусом сыра,0
морковная паста тальятелле,1
ленок,1
путассу,0
паста тамаринда,1
фруктоза,1
соль морская,1
зеленая мини спаржа,1
творог 18-ый,0
маслины или оливки,1
сало,-1
пшеничная лепешка,1
масло для жарки,0
копченая курица,-1
паприка,1
тыква,1
индийские лепешки наан,1
красное сладкое вино,0
виноградная настойка,-1
апельсины,1
хлебцы ржаные,1
тертый сыр грюйер,0
жасминовый рис,1
соус чар шу,0
вафли,1
хлебные палочки,0
сладкое каштановое пюре,1
зеленые бананы,1
лайм,1
замороженная клюква,1
сушки,0
очищенный миндаль,1
грибной бульонный кубик,1
вегетарианский сыр фета,-1
пророщенный маш,1
анис,1
простокваша или кефир,0
семена горчицы,1
лимонный джем,1
канталупа,1
темный соевый соус,1
мука семола,0
тайское манго,1
филе синеглазки,-1
мортаделла,-1
цельнозерновой хлеб,1
рисовое китайское вино,0
краб мякоть,-1
коньяк,0
тцатцики,1
нектар манго,1
светлый изюм,1
свежий лавровый лист,1
тертый миндаль,1
абрикосовое пюре,1
кинза кориандр,1
фундук обжаренный,1
порошок пекин,0
обжареные зерна кофе,1
зеленый перец горошком в рассоле,1
филе цыпленка,0
копченая ветчина,-1
пшеничный крахмал,1
телячий край,-1
постный майонез,1
сушеные бананы,1
крапива,1
черемуховая мука,1
чернослив с косточкой,1
зеленый перец,1
кондитерский гель,1
замороженная кукумария,1
кокосовый экстракт,1
китайский соевый соус,1
лосось,0
перно,0
свежевыжатый морковный сок,1
тесто для спекулос,1
зелень фенхеля,1
хлеб белый,1
капуста кимчи,1
цукини,1
галеты,1
безе,0
масло нуазетт,-1
сыр бофор,-1
арахисовое масло,1
белая мисо паста,1
филе палтуса,0
говяжий бульон,0
розмарин сушеный,1
кондитерский сахар,1
смесь специй тако,1
творог жирный,0
индейка,0
желтый лук,1
сметана 15-ная,0
черные трюфели,-1
свиная нога,0
шужук,0
свежезаваренный черный чай,1
потроха пулярки,-1
соус порто,0
горчичный порошок,1
филе анчоуса,-1
черные семена кардамона,1
утиный окорок,-1
измельченные листья базилика,1
кристаллизованный сахар,0
сливки 35-ные,0
масло макадамии,1
оливки gaea kalamata,1
ананасы,1
поваренная соль,1
рис для паэльи,1
порошок мескитового дерева,1
красное пиво,0
итальянская лепешка,1
гренка,0
окорочка утиные,0
телятина,0
замороженные пельмени,0
маршмеллоу,-1
сморчки,1
готовый говяжий соус,0
рутбир,1
фаланги краба,0
вишневый компот,1
спред с оливковым маслом,1
сухарики со вкусом бекона,0
пищевой цветок,1
круглый рис,1
дыня,1
перец молотый,1
рубленная кинза кориандр,1
семена чиа,1
корейка баранья,-1
тертый сыр,-1
заправка для супа campbells,0
приправа для плова,0
сухой зеленый перец,1
свежевыжатый сок лайма,1
сметана постная,0
воздушный рис,1
огуречная трава,0
зеленая папайя,1
пряности,1
филе судака,0
пассата,1
красное полусухое вино,0
полукопченая колбаса,-1
мякоть баранины,-1
навага,0
молоко сгущенное,0
телячья вырезка,-1
филе рыбы-меч,0
куриные желудки,0
смесь специй для аджики,1
печенье,0
коричневый мягкий сахар,1
сушеные листья сельдерея,1
соус туршу,0
консервированный хрен,1
свежая лапша для вока,1
шелковица,1
сгущенное какао,0
слива белая,1
соус кабуль,1
огурцы малосольные,1
свежие сердцевины артишоков,1
фланк-стейк,-1
отруби,1
ранняя белокочанная капуста,1
красный мангольд,1
ягодный топпинг,1
семена льна,1
творог 9-ный,0
овсяное молоко,1
засахаренные орехи пекан,1
жареный фундук,1
голубь,0
уксус винный или столовый,0
свекольный хрен,1
оленина,0
кинза и петрушка,1
консервированная фасоль,1
сухой бульон хондаши,0
винный уксус белый,1
листья пандан,1
тарама,0
жареные хлопья миндаля,1
тыква баттернат сквош,1
розовые яблоки,0
омары,-1
свежие устрицы,-1
перец красный острый,1
очищенные креветки,0
приправа для супа,1
свиной шпик,0
молотая гвоздика,1
латук дуболистный,1
помидоры плам,1
бурбон,0
ягодный сироп,1
конфеты mm’s,0
игристое полусладкое вино,0
картофель фри,1
соус путанеско,1
филе курицы,0
растительные сливки,1
сухой квас,0
мука semola,1
тыква хоккайдо,1
глазурь цветная,1
мясной фарш,0
филе черного палтуса,0
кукуруза,1
зеленый соус табаско,0
сыр эдам,-1
готовый грибной соус,1
перец падрон,1
сыр,-1
цельное молоко,-1
загуститель для сметаны,0
бублик,0
гранатовый соус,1
зеленый жасминовый чай в пакетиках,1
вешенки,1
филе баранины,-1
молотые фисташки,1
мука миндальная,1
йогурт ванильный,0
маринованные подосиновики,1
желатин,-1
свежий шалфей,1
солонина,-1
шоколадный сироп,0
ежевичный соус,1
бородинский хлеб,1
булочка для хот-дога,1
замороженные грибы,1
перец чипотле,1
карамбола,1
рисовые хлопья,1
сгущенное молоко,-1
сушеная молотая апельсиновая цедра,1
минеральная вода с газом,1
мука рисоваяцельнозерновая,1
ванильное мороженое,0
кукурузные лепешки,1
масло горчичное,1
рис для ризотто,1
замороженная черная смородина,1
консервированная белая спаржа,1
гречишный мед,0
помидоры,1
йогурт клубничный,0
ройбос,1
молотая корица,1
помидоры свежие,1
мягкий тофу,1
стручковый зеленый горошек,1
джем из гуавы,1
свежемороженная брусника,1
фруктовый мармелад,1
полба,1
маленькие лисички,0
свеклазапеченная,1
замороженные овощи «гавайская смесь»,1
королевские креветки,0
лакричный джем,1
фарш свино-говяжий,-1
тонкая рисовая лапша,1
испанские артишоки,1
мясное желе,-1
сушеные снетки,0
соленые белые грибы,0
мука кукурузная,1
апельсиновый джем,1
молотый белый перец,1
конина,-1
корень петрушки,1
ликер «бейлис»,-1
бобовая смесь,1
базилик свежий,1
консервированные ростки бамбука,1
цицмати,0
вино десертное,-1
слива,1
тесто слоеное,1
молотый тмин,1
сушеные яблоки,1
хлебные крошки,1
вишнябез косточки,1
холодный эспрессо,0
яблоки «фуджи»,1
горбуша,0
тертый имбирь,1
пажитник,1
апельсин,1
сушеный перец чили,1
карбонат аммония,0
иноки,0
морские сушеные водоросли в листах,1
длиннозерный пропаренный рис,1
проростки гречки,1
концентрированный апельсиновый сок,0
консервированная вишня,1
сметана 23-ная,0
семечки конопляные,1
сушеный красный перец,1
морошка,1
замороженные белые грибы,1
магаданские креветки,0
кумин зира,1
кислое молоко,-1
сахарин,1
круассан,0
сушеный майоран,1
сладкий соус чили,1
свежемолотый красный перц,1
оливки без косточек,1
говяжий рибай,0
мякоть арбуза,1
зубатка,0
галльская дыня,1
салат ромен,1
соленый лосось,-1
осетинский сыр,-1
ликер marc de champagne,0
голова лосося,0
молодая капуста,1
листики салата,1
парной цыпленок,-1
консервированная фасоль в томатном соусе,1
сыр кашель,0
желе из киви,1
варенье,0
голландский соус,0
гречневое печенье,1
кислота лимонная,1
какао-порошок droetker,1
дрожжи,1
сироп сорго,1
пряная рукола «белая дача»,1
соус чили,1
корица,1
соевое мясо,1
кетчуп,1
амарантовая крупа,1
тапиока,1
утиный желудок,-1
яичный порошок,0
вяленая чехонь,0
рыбный фарш,-1
вяленая хурма,1
ананасовый сироп,1
молотый мак,1
фахито,0
ликер «шериданс»,0
сок свежего лимона,1
филе морского черта,0
соус кук ду субута,1
сушеная клюква,1
листья шалфея,1
сыр моцарелла для пиццы,0
сладкие кукурузные палочки,0
сладкосливочное масло,-1
столичный хлеб,0
сахарная пудра с ванилью,1
листья вишни,0
цельнозерновая мука,1
замороженная овощная смесь,1
тесто для вареников,1
фасоль красная,1
перец мини,1
стебли петрушки,1
абрикосы в собственном соку,1
сок кинзы,1
измельченные листья мяты,1
светлый изюм без косточек,1
семена кумина зира,1
ягнячьи потроха,-1
фарш из трески,0
гренадин,1
медовые коржи,-1
какао порошок,1
масло оливковое extra virgin,1
сок манго,1
мясо оссобуко,-1
смесь трав,1
хамачи,0
карриострый,0
консервированные личи,1
яблокозеленое,1
уксус малиновый,1
соевый гуляш,1
лапша рамен,1
водяной кресс,1
начинка,0
сладкий мускат,1
жареные соленые орехи пекан,0
пекинская китайская капуста,1
смесь помидоров разных цветов,1
натуральный концентрат ольхового дыма,1
пшеничная цельномолотая мука,1
йогурт нежирный,0
арбуз,1
соус «1000 островов»,0
измельченный жареный арахис,1
жареный миндаль,1
мелисса,1
корки арбуза,1
фета,-1
сливки 11-ные,0
чилийские кальмары,0
каперсы,1
телячья голень,-1
капуста романеско,1
английская сухая горчица,1
соус табаджан,0
дрожжевое тесто,0
чесночный порошок,1
вишневый сироп,1
французский багет,0
помидоры пелати,1
бобы фава,1
прованские травы,1
курдючное сало,-1
банановое пюре,1
гренки из бородинского хлеба,1
лимонный ликер,0
зеркальный карп,0
пресное слоеное тесто,1
хвост рыбы-черт,0
корнишоны,1
паста кочудян,0
лимонное оливковое масло,1
простокваша,-1
ржаной хлеб,1
устрица маринованная,0
белые бобы,1
обезжиренная пахта,1
сметана 10-ная,0
черная гранатовая патока,0
лен,1
веганский горький шоколад,1
каре ягненка,-1
маринованная черемша,1
рулетики из баклажанов,1
филе дорадо,0
соус терияки,1
сервелат,-1
сухарь из манной муки,0
черный шоколад  80,1
консервированная овощная приправа,1
сыр стилтон,-1
красная морковь,1
мизуна,1
клубничное желе,1
черника,1
куриная грудка с кожей,0
овсяные бисквиты,1
сахар белый,1
говяжий бульон campbells,0
масло из черемши,1
консервированный перец пименто,1
телячья вареная колбаса,-1
ванильный сироп,1
банановый крем,1
пюре из зеленого горошка,1
свиной копченый окорок,-1
зеленый рубленый лук,1
очищенные каштаны,0
манговый сироп,1
молоко кокосовоежирное,1
куриные шейки,0
приправа фурикакэ,1
соус «сырный цезарь»,0
нерка,0
рыбные обрезки,-1
светло-коричневый сахар,1
сыр моцарелла,-1
филе горбуши,0
икра,0
консервированные помидоры кусочками с чили,1
медовые соты,-1
сухая мадера,0
тимьян,1
барашек,0
перец горошком,1
салат латук,1
астурийские бобы  фасоль белая,1
гусиная нога,0
творожный сыр hochland для кулинарии,0
мука рисовая,1
сушеные ягоды,1
куропатки,0
яблочный сок,1
рис круглозерный,1
пальмовое масло,-1
сироп мятный,1
виноград черный,1
копченая треска,0
каштановый мед,-1
шнитт-лук,1
ланкаширский сыр,-1
острые итальянские сосиски,0
проростки дикого риса,1
перец белый,1
молотый сычуаньский  перец,1
шпинат свежий,1
зеленый лук,1
рисовое сладкое вино,0
пшеничные тортильи,0
помидор черри,1
филе телятины,0
смесь из маринованных оливок gaea,1
листовая капуста,1
тертый хрен,1
паста карри,1
золотые жемчужины droetker,0
домашняя куриная колбаса,0
салатная заправка «пряные травы» ideal,1
смесь мангольда «радуга»,1
бренди,0
из печенья,0
мука для темпуры,1
малиновый шербет,1
ванильный протеин,1
ростки бамбука,1
апельсиновый ароматизатор,0
порошок даши,1
облепиховое варенье,0
кольраби,1
бахарат,1
листья капусты,1
абрикосовый бренди,0
масло тмина,1
нутряное сало,-1
крупная соль,0
узо,-1
бисквитная основа для торта,1
томатная иранская паста,1
молотый перец чипотле,1
телячьи щечки,-1
сливочные сухари,0
лангуст,0
коробочки кардамона,1
сыр из козьего молока,-1
питайя,1
маргеланская редька,1
паста нам прик пао,0
молотый душистый черный перец,1
аскорбиновая кислота порошок,1
шерри,0
варенье из красной смородины,1
соевое ванильное молоко,1
рогалик,0
сливовидные томаты в собственном соку,1
лимон,1
какао-масло,1
замороженная вишня,1
фасоль в томатном соусе,1
жирное молоко,-1
филе хека,0
горчица с медом,-1
порошок плодов рожкового дерева,1
киноа,1
соус «амба»,1
огурец,1
папоротник,1
масло кокосовое,1
винный уксус красный,1
шрирача,1
тесто для пельменей,1
пекарский порошок,1
каймак,-1
паста тальятелле,1
петрушка,1
консервированный нут,1
редис,1
фасоль каннеллини,1
свежая зелень,1
жаренные орехи пекан,1
маринованный щавель,1
мраморная говядина,0
очищенные жареные семечки тыквы,1
лук-шалот в бальзамическом уксусе,1
вареный зеленый горошек,1
табаско,0
хлеб для тостов,1
кукурузные листья,1
семга копченная филе,0
маракуйя,1
зеленая дыня,1
крупа гречневая,1
макрель,0
длинный черный перец,1
коринка,0
египетский молодой картофель,1
ягоды,1
йодированная соль,1
рисовый солод,1
сушеные травы,1
цедра мандарина,1
базилик,1
толченые грецкие орехи,1
непросеянная мука,1
сегменты грейпфрута,1
кокосовая вода,1
лаваштонкий,1
тунец блюфин,0
жидкая глюкоза,1
смесь для чиабатты,1
творожная масса,-1
малиновый сироп,1
окара,1
соленые креветки,-1
маринованный лук-шалот,1
паста из вяленых помидоров,1
пюре из нута,1
замороженная тыква,1
соленый репчатый лук,1
ягодный соус,1
чеширский сыр,-1
морковь,1
лакричный ликер,0
козлобородник,0
английская горчица,1
копченая оленина,-1
рисовое печенье,1
рисовая бумагалист,1
растительное масло с перцем,1
шоколадные конфеты,-1
клюква сушеная,1
соус наполи,1
кунжут черный,1
гречневая лапша,1
длиннозерный рис,1
масло кунжутное,1
лист нори,1
сладко-острый соус,0
горький перец,1
сливы,1
марципан,1
хадзиками,0
вода питьевая,1
соевые черные бобы,1
цедра лимона,1
черничный компот,1
клубничное пюре,1
куриные копченые крылья,0
свежие лесные грибы,1
кондитерская мастика,0
тан,0
кукурузная мука для поленты,1
лимонный йогурт,0
антоновские яблоки,1
бананы,1
креветочные панцири,0
шалфей,1
сухое шерри,0
ароматное подсолнечное масло «слобода»,0
молодая свекла с ботвой,1
икра летучей рыбы,-1
сметана жирная,0
булочка 8 злаков,1
хурма,1
свиная шея,0
говядина вареная,0
мит карри масала,1
мука с разрыхлителем,1
мандариновый сок,1
крупная белая фасоль,1
изюм светлый,1
готовые сухие листы лазаньи,1
стрелки чеснока,1
зеленый чай,1
варенье из сосновых шишек,1
оливковое масло с чесноком,1
кожа лосося,0
рыба холодного копчения,-1
фруктовое желе,1
соленые анчоусы в трюфельном масле,0
крем из макадамии,1
вафельные коржи,0
тыква акорн,1
заяц,1
перья чеснока,1
буженина,-1
сушеный кумкват,1
миндальный сироп,1
ванильный порошок для пудинга,1
эскалоп из индейки,0
рисовые отруби,1
трюфельная паста,1
консервированный стручковый перец,1
оливки каламата,1
пекинская капуста,1
козий сыр,-1
топинамбур,1
гребешки,0
сацебели,1
нут консервированный,1
цветочная пыльца,-1
филе лосося,0
купаты,-1
измельченная листовая капуста,1
мускат,1
консервированные сливы,1
соус устричный,-1
ржаная булочка,1
бриошь,0
колбаски kalamata,0
сливки 30-ные,0
ячменная мука,1
ягодное варенье,0
бараньи ребра,-1
белое полусладкое вино,0
луковица,1
лапша на выбор яичная пшеничная рисовая,0
кукурузная мука,1
филе морского окуня,0
кокосовое молоко,1
булочка с кунжутом,1
ликер,0
нутовая мука,1
зеленый горошек,1
любисток,1
свиная колбаса,0
сироп из сахара демерара,0
смесь салатных листьев танго микс «белая дача»,1
маринованный имбирь,1
карп,-1
филе масляной рыбы,-1
устрицы gillardeau №2,-1
тархун,1
копченые сосиски,-1
брюссельская капуста,1
толстая диафрагма,0
овсяные отруби,1
черный шоколад 85,1
майонез постныйвегетарианский,0
сыр моцарелла unagrande,0
сладкое вино,0
сыр «альметте» с томатами по-итальянски,-1
свиной окорок,0
утиные потроха,-1
черный кумин зира,1
шпинат мини,1
чечевица зеленая,1
жидкий мед,0
песто,1
приправа «ведан»,0
белый бездрожжевой хлеб,1
семена зиры,1
белопятнистый групер,0
бекон,0
кальмары,-1
радиккьо-тревизо,1
перец рамиро,1
ржаная цельномолотая мука,1
дыня канталупе,1
консервированные початки мини кукурузы,1
филе морской щуки,0
соус гамадари,1
виски jameson,0
лимонная трава,1
пучок шпината,1
орехи кешью,1
сушеные анчоусы,-1
сыр твердыйбез сычуга,1
лепестки цветов,1
желтая морковь,1
шоколадный сыр рикотта unagrande,0
оливковый майонез,1
гранатовое желе,1
маргарин,-1
имбирные цукаты,1
ванильная паста,1
мастика хиос порошок,0
бренди хересный,0
савойская капуста,1
обезжиренный йогурт,0
рис лазер,0
имеретинский шафран,-1
орехи,1
маш,-1
сыр филадельфия,-1
утиная грудка с кожей,0
смесь специй для том яма,1
бараний стейк из окорока,0
соус «чили»,0
лук белый или фиолетовый,0
сыр фетакса,-1
сливовое вино,1
морковная зелень,1
red bull,0
соус сациви,1
экстракт лаванды,1
питьевой йогурт,-1
морской лещ,0
красная смородина,1
абрикосы,1
лист виноградный консервированный,1
несоленые фисташки,1
песочное печенье sablé,0
сливочный ликер,-1
ванильный экстракт,1
сахарный горох,1
помидоры банч,1
клубничный конфитюр,0
стейк фуа-гра,-1
гуаровая камедь,1
пюре черничное,1
консервированная сайра,0
апельсиновый сироп,1
мука из кедровых орехов,1
хлеб,1
масло гхидля смазывания,-1
лимонный сок,1
заменитель сахара,1
китайский черный рисовый уксус,1
ростки подсолнуха,1
лаваш армянский,1
чили молотый,1
светлый ром,-1
сушеные цветы лаванды,1
паста «трюфель»,0
зелено-коричневая чечевица,1
филе этелиса,0
телячья грудинка,-1
йоркская ветчина,-1
сливочная карамель,-1
розовые кубанские помидоры,1
белуга,-1
махлепи,1
порошок имбиря,1
хек,0
специи сухие,0
сейтан,1
очищенные королевские креветки,0
перец болгарский оранжевый,1
лук видалия,1
мука из тертой окры,0
зеленое масло,0
свежевыжатый грейпфрутовый сок,1
лаймы,1
шоколадные чипсы,1
красные грейпфруты,1
курт,-1
шоколадные шарики,0
огуречный рассол,1
овес,1
сушеная брусника,1
виноград розовый,1
рябчик,-1
ржаной хлеб «каравай»,1
ржаная закваска,1
соус паста,0
соус чили с чесноком,1
перец сладкий,1
сыр твердый,-1
ликер «амаретто»,0
подсолнечное нерафинированное масло,1
сладкий лук,1
сыр халуми,-1
козье молоко,-1
овсяные хлопья с отрубями,1
маковая паста,0
персиковое пюре,1
оливковая паста,1
сушеный ананас,1
курдючный жир,-1
сливочный плавленый сыр hochland,0
перепелиный желток,-1
сушеная морская капуста,1
томатная паста,1
мясные продукты,0
каштановая паста,1
франкфуртский мини сосиски,0
соус велюте,0
шоколадное мороженое,0
мацони,0
красный жгучий перец молотый,1
крепкий кофе,1
соевый соус,1
коричневая горчица,1
белый вермут,0
тюрбо,0
разрыхлитель,1
жемчужный лук,1
паста мисо,1
петрушка веточка,1
бархатцы,1
малиновый соус,1
свинина сырокопченая,0
куриное яйцо органическое,-1
пумперникель,1
сладкий перец,1
помидоры крупные,1
черный душистый перец,1
смесь салатных листьев тоскана «белая дача»,1
сыр скаморца,-1
кинза свежая,1
смесь перцев,1
белая малина,1
ростки пшеницы,1
говяжьи кости,0
перечная смесь миньонет,0
миндальное масло,1
ананасконсервированный,1
перловка,1
красный виноград,1
травы прованские,1
творог 12-ный,0
сыр моцарелла буффало,-1
соус из черных бобов с чесноком,1
сухие сливки,0
кокосовые сливки,1
цветы ромашки,0
каменная соль,0
свежие листья орегано,1
гвоздика,1
шейка свиная,-1
масло растительное сырое,1
бульон даши,1
паста конкильони,1
мясо краба,-1
соус бешамель,0
булочка с отрубями,1
йогуртовый соус 1-ный,0
соленые анчоусы в масле,-1
паста массаман-карри,1
капуста китайская,1
молочный улун,-1
креольская горчица,0
сольморская,1
красное вино,0
кокочас,0
зернистая дижонская горчица,1
телячьи мозги,-1
миндальный ликер,0
сыр мимолет,-1
винный уксус,1
консервированные фрукты,-1
персик,1
огуречный сок,1
говяжья лопатка,-1
кокосовый порошок,1
желтая стручковая фасоль,1
херес,0
сухарики со вкусом чеснока,0
грибной бульон,1
капуста квашеная,1
соевый соус heinz «оригинальный вкус»,1
фермерская сметана,-1
мороженое ванильное,0
листья мяты,1
круглозерная пшеница дзавар,0
копченый сыр сулугуни,0
капуста пак-чой,1
просекко,1
баранья грудинка,-1
сок лайма,1
крем из норвежской сельди,0
молочный шоколад,-1
мука без глютена,1
филе грудки цыпленка,-1
белая репа,1
ракушки-венерки вонголе,0
консервированная мини свекла,1
кокос,1
ликер «франжелико»,0
устричный соус,-1
кунжутное масло холодного отжима,1
очищенные бобы фава,1
корень куркумы,1
портулак,1
лук-шалот,1
маленький французский багет,0
копченый бекон,-1
хлопья миндаля,1
зеленый лук-резанец,1
горький шоколад,1
баранья жировая сетка,0
винный уксус на ванили,1
миндальное печенье,1
cмородиновый джем,1
пудинг из тапиоки,1
натуральный йогурт,-1
капуста краснокочанная кочан,1
черные бобы,1
филе рыбы-попугай,0
взбитые сливки,0
чиабатта,1
консервированные черри,1
пропаренный рис,1
латук листья,1
кинза,1
сливки 23,-1
чили серрано,1
маринованная вишня,1
сыр «ольтермани»,0
угорь,0
красное ламбруско,0
карри порошок,1
мука гофио,1
пшенные хлопья,1
белый перец горошком,0
базилик листья,1
зерна граната,1
творог «углече поле» 9,0
икра трески,0
порошок асаи,1
филе-миньон,-1
корень имбиря,1
груши «дюшес»,1
свиная лопатка,0
консервированный инжир,1
сушеные листья эпазота,1
оленина на косточке,-1
дрожжевая паста marmite,1
сырное масло,-1
темный эль,0
морковь отварная,1
овощи замороженные,1
мандариновая кожура,1
морской коктейль,-1
набор тайских овощей «том-кха»,1
хаггис,0
голубика замороженная,1
жир растительный,1
желтая репа,1
карри паста желтая,1
соленая сельдь,-1
мандарины,1
мякоть медведя,0
растворимый эспрессо,0
смесь салатных листьев vita mix «белая дача»,1
лосось сырой,0
домашний майонез из аквафабы,1
свиная жировая сетка,-1
коричневый сахар,1
крупа пшенная,1
красные яблоки,1
филе минтая,0
кэроб,1
уксус для суши,1
баранья лопатка,-1
сушеный тимьян,1
греческие маслины,1
чечевица,1
листья айсберга,1
морская соль,1
свежая клюква,1
копченый ошеек,-1
проростки зеленого гороха,1
корень лотоса,1
рис венере,1
овощной бульон,1
синий пищевой краситель,1
соевые бобы,1
севильские апельсины,1
семена подсолнуха,1
померанцевая вода,1
десертный йогурт,0
грецкий орех,1
приправа аджиномото,-1
тесто фило,1
яблочный уксус,1
ребрышки свиные,0
мартини,0
экстракт ванили,1
соус gaea santorini,1
кукурузная мука грубого помола,1
шоколад тоблерон,0
филе сибаса на коже,0
мирин,1
листья латука,1
камут,1
концентрированный клюквенный сок,1
макароны гнезда,0
мягкий сыр,0
молотый тимьян,1
филе речной щуки,0
паста капеллини,0
фисташковый соус,1
листья шисо,1
ягоды годжи,1
крупные креветки с хвостами,0
масло гхи,-1
сок сельдерея,1
молотый фенхель,1
свежий розмарин,1
ракушки гребешков,0
анчоусная паста,-1
миндальный экстракт,1
пшеничная цельнозерновая мука,1
анис бадьян,1
мини репа,0
телячий хвост,-1
луизианская смесь специй,1
жир свиной внутренний,-1
стейк из рыбы-меч,0
виноградные помидоры,1
оливки в масле,1
ксантан,1
красный лук,1
орехи пекан,1
филе утки,-1
баранье жиго,-1
белая консервированная фасоль,1
толокно,1
замороженная клубника,1
полусладкое шампанское,0
черешня без косточек,1
бульон рыбный,0
баранина,0
тонкий край ягненка,0
нут отварной,1
свиной язык,-1
говяжий миньон,0
брусничный джем,1
шоколадный пудинг,0
свежие грибы,1
обезжиренный сыр филадельфия,0
специи для тыквенного пирога,1
джем из крыжовника,1
майонез домашний из семечек подсолнечника,1
черный перец,1
трюфели,1
апельсиноваый сок,1
сливки жирные,0
мясной бульон,0
заменитель яиц,1
сливочный творог,-1
римские помидоры,1
сушеные древесные грибы,1
легкий майонез,0
пшеничная мука с отрубями,1
специи,1
семена сельдерея,1
смесь специй для мяса на гриле,0
ржаной багет,1
кокосовая мука,1
соус gaea cretan,1
кондитерские украшения droetker,0
лавровый лист,1
ванильные вафли,0
замороженная итальянская смесь,1
натуральный йогурт 3-ный,-1
протеин,1
манго,1
замороженная смесь итальянских трав,1
чесночное масло,1
соевый соус для морепродуктов,1
сыр рикотта,-1
корейка ягненка,-1
засахаренный имбирь,0
синие крабы,0
обезжиренное сухое молоко,0
китайские сосиски,0
бульон даши сухой,1
молодая спаржа,1
соус ромеско,1
свиные щечки,0
перец чили красный,1
стейк из говядины,0
растворимый кофе,0
цветная капуста,1
пучок укропа,1
зеленый сладкий перец,1
сливки кокосовые,1
бузина,1
сметана 25-ная,0
раковые шейки в рассоле,0
нут,1
стейк из тунца,-1
голова телячья,-1
ламинария японская,1
вареный окорок,-1
арахисовый соус,1
бульон из сельдерея,1
сладкая паприка,1
ванильная соль,1
тертый сыр эмменталь,0
сванская смесь,1
апельсиновое пюре,1
смешанный фарш,0
большие оливки без косточек,1
вареная красная фасоль,1
грейпфрут,1
тонкая вермишель,1
слабосоленая подкопченная форель,0
баклажан,1
красная редька,1
бразильские орехи,1
сыр с голубой плесенью,-1
зеленая острая аджика,1
проростки кресс-салата,1
бараний желудок,-1
моченые яблоки,0
темпе,1
листья одуванчика,1
говяжья тушенка,0
чесночный соус,1
вареная пшеничная крупа,1
дынный соус,1
золотая форель,-1
куриное яйцо деревенское,-1
крем де кассис,1
молодая картошка,1
хумус,1
окунь,0
масло грецкого ореха,1
ореховый соус,1
пшеничная мука высшего сорта,1
лист слоеного теста,1
белый хлеб,1
соус понзу,0
сушеные помидоры,1
лосось горячего копчения,-1
сладкие яблоки,1
желе,1
сушеная ламинария,1
семена чернушки,1
белокочанная капуста,1
багель,1
утиное сердце,-1
измельченные орехи пекан,1
мицуна,1
черствый батон,0
желтый сахар,0
колбасный фарш,-1
бараньи отбивные,-1
рис чумиза,1
говяжьи кишки,-1
консервированная печень трески,-1
айва,1
инвертный сироп,1
зеленые бобы,1
сыр пармезан,-1
цветы лаванды,0
говяжье филе,0
черемша,1
красный карри порошок,1
кунжутное масло,1
повидло с кислинкой или любой джем,1
мандариновое пюре,1
сушеные креветки,-1
морковное пюре,1
филе тиляпии,0
льняная каша,1
сладкие оливки olivotto,0
соус эбара,0
кервель,1
цветки цукини,1
филе сушеной трески,0
капуста кольраби,1
чеснокзубчик,1
фундук,1
неферментированный соевый соус,0
оливковое масло ideal,1
баранина на кости,0
ржаные сухарики,1
вяленые помидоры gaea sundried tomatoes,1
сыр фоль-эпи,0
ветчина пармская,-1
молотый перец чили,1
крылья индейки,0
гранола,1
мускатный уксус,1
сельдерейная соль,1
пенне ригате,1
ежевичный ликер,-1
взбитые сладкие сливки,0
сердце индейки,-1
палочки корицы,1
ржаные хлебцы fazer,0
говяжьи голяшки,0
сушеные маслины,1
оливковое масло с перцем,1
хамон,-1
дижонская горчица с хреном,1
судак целый,0
водоросли чука,1
консервированные абрикосы,1
мидии в масле или рассоле,0
головизна осетровых рыб,0
зелень,1
сахарный сироп,1
арахисовая паста,1
ржаные тосты,1
ванильная сахарная пудра droetker,0
кудрявая капуста,1
треска,0
перец чили хлопьями,1
васаби паста,1
зеленые коробочки кардамона,1
соус jack daniels,0
цикорий,1
халапеньо,1
перец горький,1
темно-красные водоросли,0
вымя,-1
картофельный крахмал,1
помидоры в собственном соку с итальянскими специями,1
сливки 25-ные,0
сырный армянский лаваш,0
соль крупная,1
сушеный эвкалипт,1
куриное филе,0
английские огурцы,1
красная фасоль,1
краковская колбаса,-1
микросалат,1
перец красный,1
мойва,0
водоросли тосака,1
мятная карамель,0
паприка копченая,1
свежие листья розмарина,1
цукаты лимонные,1
жир почечный,0
кондитерская посыпка,0
молоко 35-ное,0
стебли укропа,1
яблочный соус,1
ржаная сухая закваска,1
капуста белокочанная,1
ароматизатор,0
аджарские маслины,1
шоколадный батончик bounty,0
чили-паста,0
песочные крошки,0
маслята,1
ягодное пюре,1
морковный сок,1
эндивий,1
сыр надуги,-1
салями,-1
перечная паста том-ям,0
ягодный уксус,1
вино белое,0
масло из фундука,1
копченая свиная грудинка,-1
сыр боккончини,-1
тонкий лаваш,1
тесто для пиццы,1
лечо,1
мятный ликер,-1
легкий бальзамический уксус,1
капустная рассада,1
жасминовый тайский рис,1
говяжьи легкие,-1
норвежская слабосоленая сельдь,-1
чернослив без косточек,1
хлопья «cheerios»,1
кизил,1
карамельный пищевой краситель,0
брусничный морс,1
хлопья сушеной рыбы бонито,0
спагетти,1
гусиная грудка,-1
эскалоп,-1
нарезной батон,0
сливочный сыр,-1
малиновый уксус,1
медовый соус с чили,0
жареный кумин зира,1
палтус слабосоленый,-1
ледяная рыба,-1
маринованная цветная капуста,1
цветной сахар,0
сухая красная фасоль,1
армянский лаваш,-1
асафетида,1
паста черного трюфеля,0
имбирный джем,1
тортилья,1
зелень кинзы,1
нектарины,1
пименто,1
несоленое сливочное масло,0
баранина край,-1
смесь специй для шашлыка,1
утиные крылья,-1
маленькие осьминоги,0
грибы портобелло,1
орегано свежий,1
острый зеленый перец халапеньо,1
стружка тунца,0
укроп или зеленый лук,1
филе дорадо на коже,0
соленая хамса,0
оссобуко из телятины,-1
филе бедра цесарки,0
листья зеленого салата,1
свиные копченые колбаски,0
узбекский рис,0
мускатный орех,1
груши «конференц»,1
масло с чили,1
охотничьи колбаски,-1
белый цикорий,1
орехи кедровые,1
имбирно-яблочный чатни,1
мексиканская смесь специй,1
щупальца кальмара в масле или рассоле,0
мясной хлеб,-1
острый тайский соус,1
крабовый бульон,-1
имбирь свежий,1
джем из чили,1
бамия,1
килька пряного посола,0
соус для спагетти,1
темный кукурузный сироп,1
пико де галло,1
ананасовое желе,1
морковка,1
масло из абрикосовых косточек,1
концентрат апельсинового сока,1
куриный суповой набор,-1
чеснок зубчики,1
языки ягнят,0
копченый соус табаско,0
айран,1
ангостура,0
цитрусовые,1
рис нишики,1
спаржевая фасоль,1
сироп «тархун»,0
попкорн,1
хлебцы finn crisp traditional,1
овсяные хлопья быстрого приготовления,1
замороженные зерна кукурузы,1
эскалоп из свинины,0
мерланг,0
сладкие кокосовые сливки,1
соленые лимоны,0
бастурма,0
турецкий йогурт,-1
сдобное дрожжевое тесто,0
копченая скумбрия,-1
хлорелла,1
салат листовойлист,1
сыр маскарпоне,-1
ветчина,0
белый перец,1
клюквенное пюре,1
крабы,0
королевские шампиньоны,1
говяжьи почки,-1
уксус 3,1
паста стеллине,0
имбирь молотый,1
шоколадная помадка,0
капустный сок,1
тертый твердый сыр,0
орехи измельченные,1
кекс английский,0
несладкий кондитерский шоколад,1
мясо криля,0
шатобриан из выдержанного мяса говядины,0
колбаска швабская,-1
чернила каракатицы,0
райские яблоки,1
настойка лайма,1
баранья печень,-1
маленькие очищенные вареные креветки,0
краснодарский соус,0
смесь салатных листьев окинава «белая дача»,1
чипсы,0
белое яблочное вино,0
грушевый сироп,1
скумбрия холодного копчения,-1
салатная заправка,1
чечевица красная,1
куркума,1
портвейн,0
салат шизо,1
тертая тыква,1
уксус бальзамический,1
огурец длинный,1
вырезка,0
свежий перец,1
ножки кролика,0
вино рисовое сладкое,1
проростки семян редиса,1
молодой фенхель,1
антрекоты,-1
ягодный конфитюр,1
свиные кишки,-1
брусника моченая,1
полента,1
соус с копченым перцем,1
сыр тофу,1
орехи макадамия,1
филе чилийского сибаса,0
томатный соус с базиликом,1
пшеничная булка,1
черный хлеб,1
паста самбал оелек,1
пиво guinness,0
помидоры черри на ветке,1
тертая цедра апельсина,1
baby mix «белая дача»,0
смородиновый сок,1
лист желатина,-1
измельченный фундук,1
консервированные сердцевины артишоков в масле,1
белый соус,0
яйцо пастеризованное,-1
сушеная черная смородина,1
костный бульон,-1
пресное тесто,1
кукурузное масло «слобода»,1
миндальное пюре,1
кресс-дайкон,1
фиолетовая горчица,-1
молодой шпинат «белая дача»,1
йогурт натуральный,0
изюм без косточек,1
вермишель,1
кефаль,0
ликер «блу курасао»,0
тыквенное пюре,1
мука грубого помола,1
сникерс,0
35-ный йогурт,0
хурма королек,1
потрошеный молочный поросенок,0
фисташковая паста,1
сычуаньский перец,1
паста карри мадрас,0
мюсли,1
сушеный перец халапеньо,1
филе куриной грудки,0
ванилин,1
корень кинзы кориандра,0
семга слабосоленая,-1
морской окунь,0
кенийская фасоль,1
ростки люцерны,1
испанский арахис,0
укроп,1
шпик,-1
сельдь,0
виноград «мерло»,1
чай ройбос в пакетиках,1
греческая салатная заправка,1
черные семена горчицы,1
пальчиковый картофель,1
отварной белый круглозерный рис,1
ванильный сахар,1
тоник,0
шоколадные капли,0
вишневое варенье,1
шоколадная стружка droetker,0
мисо суп,1
смесь риса басмати и семян киноа,1
сок лимонный свежевыжатый,1
лаваш тонкий,1
ликер «трипл сек»,-1
бискотти,-1
рис арборио,1
черный перец молотый,1
ромовый ароматизатор droetker,0
паста анко,0
кускус,1
желтые помидоры черри,1
перепелка,-1
красный картофель,1
ликер «бейлис фундук»,0
яблоки,1
мука из кешью,1
дрожжевое слоеное тесто,0
томатный соус с базиликом и чесноком,1
молоко растительное,1
осьминог,-1
фокачча,1
сушеная малина,1
вяленые маслины,0
крекеры из непросеянной муки,1
сырные палочки,0
острая паприка,1
папайя,1
бисквитные крошки,0
соленый миндаль,1
свежевыжатый мандариновый сок,1
божоле,0
салат лолла-росса,1
крупная морская соль,1
яблоко зеленое,1
рис для суши,1
глазной мускул,0
сливки 20-ные,0
отбивная баранья,0
оливковое масло gaea dop sitia crete extra virgin,1
перья репчатого лука,1
смесь салатных листьев girls mix «белая дача»,1
зеленый плантейн,1
толченые сухари,1
соус дзадзики,0
сыр из овечьего молока,-1
фазан,-1
цветы акации,0
мини цукини,1
консервированная мини кукуруза,1
пищевой краситель,0
язык телячий отварной,-1
тертый шоколад,1
чипсы из топинамбура,1
вишня,1
сыр блю уэнслидейл,-1
овсяная крупа,1
бараний бульон,-1
мука пшеничная,1
сыр мини моцарелла,-1
темное кунжутное масло,1
трубчатые кости,0
соус «смесь сыров»,0
салат айсберг,1
куриный жир с кожей,0
томаты розовые,1
мясо на кости,-1
гречневые хлопья,1
уксусная кислота,0
багет,1
вино дору,0
перечный соус,0
конопляное масло,1
соленые опята,1
гель из маракуйи,1
сироп шиповника,1
желтая чечевица,1
зеленые оливки gaea без косточки,1
фундуковая паста,1
абсент,0
ягодный компот,1
куминмолотый,1
темпура микс,0
плавленый сыр,-1
сухое молоко,0
сыр раклет,-1
ванильный пудинг,0
тайский птичий острый перец,1
яблоки красные,1
свекольный отвар,1
авокадо,1
прошутто,-1
изюмсветлый,1
сладкий миндаль,1
букет гарни,1
пережаренная консервированная фасоль,1
молотый мускатный орех,1
тертый сыр гравьера,0
прозрачный мед,0
вареные осьминоги и каракатицы в оливковом масле,-1
смесь лесных грибов,0
кета,0
сыровяленая ветчина,-1
рубец,-1
кукурузный крахмал,1
листья черной смородины,1
бобовые проростки,1
масло растительное или гхи,0
бузинный сироп,1
молодая морковь,1
сардины в масле,0
пудинг с шоколадным вкусом droetker,0
сушеные грибы шиитаке,1
шоколадная паста,0
зеленая чечевица,1
дрожжи сухие,1
розовые грейпфруты,1
имбирный соус,1
белый шоколад,-1
паста ригатони,0
умбрина,0
свекла по-корейски,1
сушеная кинза кориандр,1
огурецсоленый,1
зеленый перец горошком,1
щавель,1
салат маш,1
семена тмина,1
гвоздичный перец душистый перец,0
апельсиновая эссенция,1
палтус,-1
сушеная овощная смесь,1
плавленый сыр в нарезке,0
утиные кости,0
мед акации,0
инжирный джем,1
свиные ребра,-1
клюква,1
жареный соленый миндаль,1
овсяные хлопья,1
зеленые фисташки,1
гашеная сода,1
мегрельская аджика,1
глазурь «белый шоколад» droetker,0
раскрошенные крекеры из непросеянной муки,1
грудка индейки,0
французский цельнозерновой багет,1
гусь,-1
очищенные соленые семечки тыквы,1
кормовые бобы,0
постное масло,1
зеленый горох,1
солод,0
сироп топинамбураили любой подсластитель,1
вишневое мороженое,0
перец чили зеленый,1
псиллиум,1
копченое сало,-1
копчености,0
дикий рис,1
консервированная фасоль с чили,1
песочное тесто,0
темный ром,0
отвар,0
соленые помидоры,0
сок вишневый,1
проростки гороха нут,1
орехи пинии,1
консервированные пегменты апельсина,0
земляника,1
редька по-корейски,1
тростниковый сироп,1
китайские груши,1
замороженная черешня,1
ячмень,1
водоросли комбо,1
несладкая кокосовая стружка,1
лагер темный,0
сырокопченая ветчина,0
филе морского ангела,-1
имбирный сок,1
курага,1
паприка сладкая,1
глютамат натрия,1
артишок,1
соус «бульгоги»,0
молотый кофе,1
листья сельдерея,1
вишневая водка кирш,0
цитрон,1
оливковое масло,1
сыр сулугуни,-1
кукуруза консервированая,1
вода или сок фруктовый,1
сыр «ронделе»,0
сливовый соус,1
жареная кокосовая стружка,1
сок апельсиновый свежевыжатый,1
измельченные листья эстрагона,1
гречневая крупа,1
белый квас,0
сало пузанина,-1
патиссоны,1
мякоть папайи,1
желтая свекла,1
фарш из индейки,-1
сыр адыгейский,-1
кокосовый жмых,1
мадера,0
свиной фарш,0
грудка утиная,-1
красное сухое вино,0
слабосоленая форель,0
желтый пищевой краситель,1
ерш,1
филе тунца,-1
кокосовое масло,1
оболочки кукурузных початков,1
сыровяленая свиная грудинка,0
листья эстрагона,1
смесь цедр цитрусовых,1
молодая крапива,1
чай маття,1
яблоко кислое,1
натуральный кофе,1
набор овощей для винегрета «белая дача»,1
добавка карри,1
черная фасоль,1
крем бальзамический белый,0
сине-зеленые водоросли,1
сныть,1
мексиканский шоколад,0
овсяное печенье,1
карри,1
замороженный шпинат,1
очищенные помидоры,1
специи гикори,1
салат фриллис,1
бульонный кубик,-1
соус для бургеров,1
батат,1
харисса,1
соль сахар черный молотый перец,0
сыр тильзитер,-1
куантро,0
мука из мацы,1
свиная корейка,0
замороженные лесные грибы,1
орех мускатный,1
лист вишни,0
мини спаржа,1
бездрожжевое тесто,1
риоха,0
светлый пальмовый сахар,1
помидорный рассол,1
масло канолы,1
кекс штоллен,0
консервированная фасоль пинто,1
свежий перец чили,1
мелкие патиссоны,1
вяленые помидоры в масле,1
специи каджун,1
раковые шейки,0
татсой,1
имеретинский сыр,-1
желе из красной смородины,1
сахар кокосовый,1
швейцарский сыр,-1
сыр конте,-1
помидоры «бычье сердце»,1
смесь сухофруктов,1
оранжевый сладкий перец,1
тертая лимонная цедра,1
чечевица пюи,1
голубой сыр стилтон,-1
бальзамический крем,1
печенье biscofrisa,0
широкая рисовая лапша,1
квашеная капуста без соли,1
миндальные хлопья,1
измельченный жареный фундук,1
тертый корень имбиря,1
сыр робиола,-1
яблоки «голден»,1
ваниль,1
кипяток,0
эммер,1
пектин,1
яблочное желе,1
конское сало,-1
икра дикого лосося,-1
полевой хвощ,1
яблоки «гренни-смит»,1
свежие коричневые шампиньоны,1
итальянская салатная заправка,1
творожный сыр без сычуга,1
шоколадные трюфели,0
смесь салатных листьев пати микс «белая дача»,1
желтая паста карри,1
конопляное зерно,1
какао,1
зеленый виноград,1
ягнячьи ножки,-1
жирный творог,0
соус маринара,1
замороженная цветная капуста,1
нерафинированный сахар,0
сушеный орегано,1
стейк из кижуча,0
белая рыба,0
абрикос черный принц,1
бобы адзуки,1
консервированная смесь тропических фруктов,1
соус ремулад,0
лук-резанец,1
белый пористый шоколад,0
листья мелиссы,1
меренги,0
черные помидоры,1
салат корн,0
сухое шампанское,0
дижонская горчица,1
печенье савоярди,0
молодой укроп,1
маринад для птицы,0
куриная грудка,0
корейская морковь,0
уксус 6,1
молодые цукини,1
имбирная паста,1
пиментон,1
салат-латук,1
глазурь белая,1
смесь салатных листьев,1
малиновый сок,1
соль «флер де сель»,0
груши «вильямс»,1
зира,1
филе пангасиуса,0
норвежская семга,-1
мясо ягненка,-1
широкая лапша,0
игристое сладкое вино,0
зерна кукурузы,1
пудинг,0
тыква баттернат сквош мини,1
фисташковое мороженое,1
говядина,0
рисовая вермишель,1
яннем,0
шоколадные пряники,0
белое сладкое вино,0
блины,0
консервированный перец чипотле,0
говяжий стейк тибон,0
соус «спайси юдзу»,1
молотый фундук,1
паста диталини,1
молотый перец чили анчо,1
коктейльный лук,1
ягодный штрудель,1
лимонное масло,1
мука мелкого помола,1
пастернак корень,1
чеснок,1
семена укропа,1
бальзамический уксус,1
растительное масло,1
финики без косточек,1
маслины,1
соленые бочковые огурцы,0
ягоды можжевельника сушеные,1
соевая спаржа,1
шоколадный батончик мюсли,1
черный шоколад,1
овсянные хлопья,1
бульон куриный,-1
шоколадное масло,-1
темное пиво,0
перцовая водка,0
бразильский стейк пиканья из выдержанного мяса говядины,-1
грибы шампиньоны,1
блинная мука,1
черная икра,-1
засахаренный миндаль,0
булочка из непросеянной муки,0
руккола,1
гранат,1
замороженные креветки,0
листья кафрского лайма,1
килька в томатном соусе,0
клюквенный конфитюр,1
листья винограда,1
грейпфрутовый сок,1
пудра из маслин,1
финик,1
сметана 35-ная,0
копченый сыр,-1
паста пенне,1
зеленая гречневая крупа,1
хвост омара,0
филе соленой трески,-1
сыр буко,0
сыр пармезан корки,-1
пудинг со сливочным вкусом droetker,0
молоко 2-ое,-1
кэлби из выдержанного мяса говядины,0
красно-белая мятная карамель,0
плавленый сыр hochland в блочках,0
артишоки,1
кедровые орехи,1
мини морковь,1
полента valsugana,1
корицапалочка,1
олюторская сельдь,0
валенсийский апельсин,0
перец болгарский зеленый,1
медово-горчичный соус,0
миндаль жареный,1
шоколад 53,-1
бразильский орех,1
ваниль в стручках,1
лук-фри,0
сливовый джем,1
сметана,-1
вареные креветки,0
цветочный сахар,0
сухое молоко 25-ое,-1
мята листовая,1
малиновый ликер,-1
кленовый экстракт,1
яблочный джем,1
зеленый перец чили,1
кабачок,1
орехи грецкие,1
лук шалот,1
укропный дрессинг,1
кунжутная паста,1
свиная голова,0
горошек зеленый консервированный,1
говяжий рубец,-1
филе толстолобика,0
лопатка ягненка,-1
кумин,1
болгарский красный перец,1
корень фенхеля с зеленью,1
куриные копченые окорочка,0
маринованный перец чили,1
эспрессо,1
винный камень,1
красная паста карри,1
душица,1
шафран,1
печеночный паштет,0
томатилло,1
брусника,1
консервированное филе анчоуса,-1
нельма,0
сухой вермут,0
скумбрия,0
филе рыбы-скорпиона,-1
микс монпелье «белая дача»,0
консервированный перец халапеньо,1
муксун,0
ваниль молотая,1
бульон говяжий,0
консервированный тунец в собственном соку,0
икра воблы,-1
сыр лори,-1
рас-эль-ханут,1
белые шоколадные чипсы,0
рыбный соус,-1
ореховый соус или дрессинг кунжутный,1
жареный арахис,0
джем из красной смородины,1
сыр бле де бресс,-1
пучок листьев салата,1
красная капуста,1
оливки крупные,1
чиа семена,1
белое сухое вино,0
сушеная смородина,1
паста каннеллони,0
замороженные кольца кальмара,0
перец черный,1
паста орзо,1
маца,1
солодовый уксус,1
клубничный сироп,1
приправа kitchen king,0
уксус рисовый или яблочный,0
анчоусная эссенция,-1
джин,0
сливки 10,-1
адыгейский сыр,-1
проростки чечевицы,1
база для сорбета,1
корень лука-порея,1
гусиные потроха,0
табуле,1
редька белая,1
японский майонез «kewpie»,0
мягкий козий сыр,-1
вишневое желе,1
красный цикорий,1
соус из хрена,1
пашина,0
розмарин,1
свиная брюшина,0
итальянская петрушка,1
фарш,-1
яблочный сироп,1
вареная курица,0
бараньи голяшки,-1
молодые кабачки,1
копченая пикша,-1
сливочный соус,0
черный виноград,1
петрушка сушеная,1
нут сухой,1
семечки тыквенные,1
смесь изюма с ягодами,1
смесь для бисквитного торта,1
луковица фенхеля,1
рыба-скорпион,-1
колбаски,-1
помидоры конкассе,1
соус «винегрет»,1
молотый имбирь,1
индейка тушка,0
гранатовые зерна,1
водаили овощной бульон,1
капустный рассол,1
чесночная соль,1
свежий шиповник,1
кабачки,1
зеленый лук перья,1
сушеный барбарис,1
телячий язык,-1
куриный бульон campbells,-1
темный шоколад  55,1
проростки семян подсолнуха,1
соус ок,0
соус наршараб,0
сушеная клубника,1
сырный соус,-1
йогурт,0
карамельная крошка,0
мясо мидий,0
чернила кальмара,0
лесной орех,1
измельченный бланшированный миндаль,1
кокосовые чипсы,1
водка,0
консервированные апельсины,1
кабачок молодой,1
пучок мяты,1
рыба горячего копчения,-1
грузди соленые,0
деревенская колбаса,-1
свежий тимьян,1
вареное сгущенное молоко,0
телячья нога,-1
салат романо,1
пшеничная крупа,1
мед цветочный,-1
черный шоколад 70,1
салат мини романо,1
шоколадная глазурь,0
панеттоне,-1
консервированный тунец в масле,0
красный винный соус,0
сахарозаменитель,1
утиный бульон,-1
красный портвейн,0
груши «бартлетт»,1
филе кефали на коже,0
вареная ветчина,-1
сироп из фиников,1
белый виноградный сок,1
филе пеламиды,0
курица,-1
соленое сливочное масло,0
картофельные чипсы,1
уксусная эссенция,0
гранатовый сок,1
сыр бурсен,-1
белый сыр чеддер,-1
красная консервированная фасоль,1
смесь пряных трав,1
маринованные белые грибы,1
постная говядина,0
сироп агавы,1
куриное сердце,-1
соус рыбный,-1
кижуч,0
кукурузная крупа,1
соленые грибы,-1
свиные сосиски,0
приправа для курицы,0
мука из семян расторопши,1
кусковой сахар,0
хмели-сунели,1
цукаты из смеси цитрусовых цедр,1
кукуруза замороженная,1
кокосовые хлопья,1
белый уксус,1
лимон мейера,1
соевое масло,1
вареные очищенные королевские креветки,0
фасоль красная в собственном соку,1
булочки для хот-догов,1
мятный чай,1
ростки сои,1
пшеничная мука 2 сорта,1
свиные голяшки,0
консервированные шампиньоны,1
филейная вырезка,-1
ячмень быстрого приготовления,1
лимонные цукаты,1
коренья,1
белая смородина,1
фарш из сосисок,0
белая часть лука-порей,1
соевое молоко,1
конфеты «рафаэлло»,0
кокосовый ликер,0
апельсиновый сок,1
масло из виноградных косточек,1
клубничный йогурт,0
хрен корень,1
бобовая вермишель,1
варенье из фейхоа,1
сливки 40-ные,0
голова трески,-1
малосольные огурцы,1
крем масляный,-1
гусиный жир,-1
семга холодного копчения,0
рисовая бумага,1
джем из клюквы,1
зеленые семена кардамона,1
пищевой краситель droetker,0
напиток gatorade голубой,0
зеленая икра тобико,-1
кунжутные семечки,1
замороженные лисички,1
телячьи мозговые кости,-1
тонкие блины,1
свежие очищенные устрицы,-1
фасоль стручковая,1
концентрированный куриный бульон,-1
утиная шея,-1
настойка шафрана,1
красный острый перец,1
сок лиметты,1
говяжья корейка на кости,0
белое мясо краба,0
ножки цесарки,0
говяжий жир,0
грибы шимеджи,1
шардоне,0
яблочное пюре,1
сардельки свиные,0
белый винный уксус,1
смесь какао и сахарной пудры,1
сыворотка,0
мука пшеничная цельнозерновая,1
оливки без косточки gaea green halkidiki,1
очищенный консервированный перец пикийо,1
рисовое тесто,1
листовая горчица,1
рассол,1
помидор,1
бездрожжевой хлеб,1
шоколад черный-био,1
гвоздика молотая,1
смесь молотых перцев,0
измельченные фисташки,1
печень цесарки,-1
вода морская,0
водоросли вакаме,1
ананасовые цукаты,0
фасоль консервированная,1
зелень укропа или петрушки,1
фуа-гра,-1
мякоть тыквы,1
лук-порей,1
замороженные шампиньоны,1
яблочный йогурт,0
кукурузные хлопья,1
мед горный,1
кунжутная мука,1
кострец,0
куриные крылышки,-1
мука для пиццы,1
мука амаранта,1
яблочное варенье,1
укропное масло,1
турмерик,1
сельдь маринованная,-1
сахар демерара,1
апельсиновый маринад,1
пассифлора,1
дорадо,0
зеленый сыр,0
деревенский творог,-1
томатный соус,1
проростки базилика,1
смесь перцев молотых,1
яблоко красное,1
мускусная дыня,1
ванильная водка,0
имбирное печенье,1
чайный гриб,1
специи для мяса,0
имбирный эль,1
отварной картофель,1
говяжий бульонный кубик,0
безалкогольный сидр,1
салат радиккьо,1
молотый кориандр,1
молотый красный перец,1
клубничное мороженое,1
пахта,-1
сироп из топинамбура,1
зелень петрушки и укропа,1
малиновый йогурт,0
горошек зеленый,1
саго,1
тертый сыр пармезан,-1
тушенка,0
полусухое шампанское,0
укроп свежий,1
мини кальмары,0
говядина фермерская,0
желтые помидоры,1
имбирно-чесночная паста,1
филе морской форели с кожей,0
томатный кетчуп,1
зеленый инжир,1
морские гребешки,0
желатин droetker,0
салат пак-чой,1
миндаль молотый,1
шпинат,1
столовая горчица,1
сушеная душица,1
творог 5-ный,0
свиное сало,0
тертая цедра лайма,1
побеги васаби,1
бальзам ангостура,0
чай ассам,1
лепестки роз,1
перец болгарский красный,1
моденский бальзамический уксус,0
зародыши пшеницы с медом,0
перец анчо,1
чили-пудра,1
свердловская булочка,0
горчица a l’ancienne,1
грибы иноки белые,1
сухофрукты,1
французский соус,0
казы,0
сыр пепер джек,-1
ребра говяжьи,0
огузок говяжий,-1
зеленое яблоко,1
ликер шоколадный,0
шаосинское вино,-1
растительное масло или оливковое,1
водоросли нори,1
соевые сливки,1
черный чай в пакетиках,1
плавленый сыр со швейцарским сыром hochland,0
хрен,1
грибной бульон campbells,0
молодой шпинат,1
жирная говядина,0
масло сливочное,-1
укроппучок,1
арахис соленый,1
паста кимчи,1
белый бальзамический уксус,1
вода газированная,1
столовый хрен,1
смесь специй для морепродуктов,1
мидии,-1
ряпушка,-1
гранаты,1
кроличья печень,-1
мед гречишный,-1
сальник,0
рисовый уксус,1
мускатная тыква,1
виноград,1
филе зубатки,0
крокодил филе,0
куриная печень,0
зеленое базиликовое масло,1
ветчина «черный лес»,-1
говяжья печень,0
черные кунжутные семечки,1
тигровые креветки,0
филе бедра индейки,0
оливки gaea green halkidiki,1
гречка,1
постная телятина,0
жареный лук,1
копченое филе индейки,-1
салат чука,1
сушеный базилик,1
соус чираши,1
сыр домашний,-1
рыба,0
сычуаньское масло чили,1
чинзано,0
горошек зеленыйзамороженный,1
зернистый творог,0
сливки 10-ные,0
фиолетовый картофель,1
каштановая мука,1
консервированный чилим,1
помидоры черри конфи,1
оливки,1
кефир 32-ый,0
сумах,1
легкий сыр «ламбер»  15-ной жирности,-1
уксус с травами,1
стейк из мраморной говядины вагю,0
апельсиновое варенье,1
манжту,0
сливочное мороженое,-1
помидоры в собственном соку,1
копченая корейка,-1
соус кесап манис,0
сладкий тайский соус,1
кюрасао,0
апельсиновый заварной крем,1
специи pain depices,0
ванильная эссенция,1
щупальце осьминога,-1
свекольный квас,1
кейломания микс №1 «белая дача»,0
яичный желток,-1
чиабатта булочки,1
свежие измельченные листья орегано,1
пшеничная мука 1 сорта,1
манная мука,1
пряники,0
копченая паприка,1
сушеный розмарин,1
мидии в ракушках,0
листья пекинской капусты,1
стебель сельдерея с листьями,1
зеленый виноград без косточек,1
масло растительное для жарки,1
листья пажитника,1
пастила,1
сырная косичка,-1
соус адобо,1
имбирная настойка,1
корейка теленка,-1
сахар мусковадо,1
печенье «юбилейное»,0
ягоды фрукты и орехи,1
выдержанный сыр гауда,-1
топленое молоко,-1
бисквит,0
вустерширский соус,-1
зернистая горчица,1
майонез,-1
сыр кефалотири,-1
острый перец,1
протертые томаты,1
горчичное масло,1
смесь том кха,1
смесь для классических маффинов droetker,0
перец черный дробленый,1
варенье из черной смородины,1
вино белое сухое,0
утиные ножки конфи,0
шукрут,0
корейский соевый соус,1
малина замороженная,1
сухая горчица,1
яичная вермишель,-1
тофу,1
масло оливковое для заправки,1
пшеничная мука,1
цесарка,0
маслины в оливковом масле,1
тримолин,0
каркаде,1
односолодовый виски,0
тесто катаифи,0
миндальные макаруны,1
тунец консервированный в оливковом масле,-1
острый соевый соус,1
маш-салат,1
малиновый соус «винегрет»,1
пепперони,-1
экстрадлинный рис басмати,1
шоколадные чипсы мини,0
кукуруза консервированная,1
фасоль,1
консервированная смесь из трех видов фасоли,1
барабулька,0
масло сыродавленное растительное,1
смесь перцев горошком,1
соус пад-тай,1
листья цикория,1
лимончелло,0
мякоть кокоса,1
горчица дижонская,1
сметана 33-ная,0
яблоки «королевский гала»,1
сухая аджика,1
налим,0
лапки куриные,-1
горчица готовая,1
заатар,1
медовая дыня,0
консервированная клубника,1
смесь пряностей,0
вареная говядина,0
мед,-1
сухие китайские грибы,1
цельнозерновые хлебцы,1
стейк стриплойн,0
огурец свежий,1
твердый сыр,-1
куриный тайский бульон,-1
мидии в раковинах,0
капуста белокочанная кочан,1
молотая тапиока,1
устричные грибы,1
сахар или мед,0
«активия творожная» клубничная,0
сыр «альметте» с зеленью,0
тарталетки,0
свиной жир,0
сахар с корицей droetker,0
уксус виноградный или яблочный,1
свежая спаржа,1
говяжий окорок,-1
говяжий край,0
сушеная папайя,1
веганский майонез,1
креольская смесь специй,1
лоло-россо,1
куриная кожа с жиром,0
крем бальзамический,0
чечевица «белуга»,1
кампари,0
сметана 42-ная,0
слабосоленый лосось,0
молотые сухари,1
салатная заправка «ароматный чеснок» ideal,1
вино красное,0
хвост лосося,0
картофельное пюре,1
томатный соус для пиццы,1
авокадо крупный,1
филе солнечника,1
цельнозерновые хлопья,1
куриные кости,0
филе белой рыбы,-1
листья карри,1
ботва редиса,1
семечки подсолнечника,1
коктейль из морепродуктов,-1
лимонная настойка,1
ростки кинзы,1
глюкоза порошок,1
сыр монтерей джек,0
пряные блинчики из зеленой гречки,1
сухие листья лотоса,1
клубничное варенье,0
малиновое пюре,1
кекс мадера,0
цедра грейпфрута,1
спаржа,1
молодой красный картофель,1
сатоимо,0
сахар-песок,1
замороженные мидии,1
толстый говяжий край,0
цветы цитрона,0
желтый карри порошок,1
измельченные листья шалфея,1
филе групера,0
лимонный сок с мятой,1
орегано сушеный,1
баранья нога,-1
апельсиновый ликер,0
чай earl grey,1
сырокопченая грудинка,-1
колбаса,0
листья тимьяна,1
бланшированный миндаль,1
свекольный сок,1
свежий желтый перец,1
малина,1
стебель сельдерея,1
сыр пармезан тертый,-1
ямс,1
крем-фреш,0
кашмирский перец чили,1
ядра семян подсолнуха,1
мука овсяная цельнозерновая,1
капуста по-корейски,1
мятный шоколад,1
салат,1
зелень черемши,1
грибы эноки,1
маринованная свекла,0
зеленый лук пучок,1
каперсы с черенком,1
хлеб с грецкими орехами,1
тапенад,1
крупа перловая,1
хлеб цельнозерновой,1
рубленный стебель сельдерея,1
сыр страчателла,-1
капуста брюссельская замороженная,1
рислинг,0
мука из просо,1
соцветия укропа,1
лосось консервированный,0
красный длинный перец чили,1
соус тамари,1
апельсиновые цукаты,1
мед жидкий,-1
сливочный сыр «ламбер»  55-ной жирности,0
черный молотый перец розмарин кориандр соль,0
свиные отбивные,0
сметана 20-ная,0
кафрский лайм,1
клюквенный морс,1
курдюк,-1
побеги фасоли,1
кивано,1
масло растительное,1
глазурь зеркальная irca,0
стейк осетра,0
желтый сладкий перец,1
вафельные розочки droetker,0
филе кролика,-1
редька черная,1
копченый колбасный сыр,-1
сыр панир,-1
сахар коричневый,1
коктейльная вишня,0
перец зеленый маринованный,1
стевия,1
экстракт стевии,1
перепелиное яйцо,-1
специи для птицы,1
сушеные белые грибы,1
розовая гималайская соль,1
стебель фенхеля,1
стейк рибай,0
масло петрушки,1
фиолетовая цветная капуста,1
мюсли с изюмом,1
филе тюрбо,0
головизна копченой горбуши,0
печень трески,-1
деревенский хлеб,1
минтай,0
фейхоа,1
консервированные кальмары,0
алоэ с медом,-1
молодой кабачок или цукини,1
тайская заправка с лаймом,1
миндальное драже,1
орех грецкий,1
сушеные листья чабреца,1
сардины,-1
творог 1-ный,-1
ржаные отруби,1
мука манитоба,0
масло авокадо,1
листья петрушки,1
черри,1
кислые яблоки,1
корица молотая,1
корюшка,0
фиолетовый пищевой краситель,1
говяжьи сосиски,0
фасоль кидни,1
листья салата,1
молотые плоды высушенной черемухи,1
филе карпа,0
черствый белый хлеб,1
лимонная кислота,1
тархуновое масло,1
конфеты ferrero roche,0
перец желтый,1
телятина на кости,0
вишневый джем,1
лесные ягоды в сиропе,0
уксус винный,1
ржано-пшеничная чиабатта,0
масала,1
консервированные лимоны,1
ирис «карамбар»,0
йогуртнатуральный,0
ветчина из индейки,0
редька,1
перец хабанеро,1
темная мисо паста,1
креветки тигровые,0
лук репчатый,1
измельченные ванильные вафли,0
перец острый молотый,1
лук,1
мед трюфельный,0
ржаная мука,1
безглютеновая смесь для выпечки,1
папоротник орляк,0
сок тамаринда,1
экстракт аниса,1
зелень свежая,1
седло ягненка,0
анчоусы в масле,-1
каталонский цикорий,1
крупные помидоры черри,1
водяные каштаны,1
белые сухари,1
красный салат,0
огурцы маринованные,1
куриный бульон,-1
томатное пюре,1
сыр гауда,0
крутоны из муки грубого помола,1
белое полусухое вино,0
детская смесь «малютка»,0
сыр нешатель,-1
английский огурец,1
ванильный стручок,1
ликер «бехеровка»,0
помидоры протертые консервированные,1
сыр буррата,-1
клюквенный соус,1
крачай,0
сыр маасдам,-1
варено-копченая свиная грудинка,-1
утиная печень,-1
лапша «роллтон»,0
трюфельный соус,1
оливки фаршированные лимоном,1
зефир,1
мозговые кости,0
соус демигляс,0
масло оливковое,1
кефир,0
молоко 32-ное,0
белое вино,0
листья ревеня,0
nutella®,-1
мюсли с сухофруктами и орехами,1
лапша,1
соль сахар черный перец,0
листья мангольда,1
рыжики,1
подсолнечное масло «слобода» с добавлением оливкового,1
салат фризе,1
спрайт,1
свежевыжатый яблочный сок,1
копченая форель,-1
очищенные вареные креветки,0
экстракт лимона,1
дрожжи свежие,1
говяжий фарш,0
ветчина серрано,-1
абрикосовый сок,1
бульон из кальмаров,0
вяленые томаты,1
кунжут сезам,1
молотый кайенский  перец,1
соус манго-чили,1
красный латук,1
шоколадный женуаз,0
острый соус franks,1
сыр асьяго,-1
рибай из выдержанного мяса говядины,-1
говяжья грудинка,0
творожный сыр с зеленым луком,0
перец острый стручковый,1
перец шичими,1
замороженная капуста брокколи,1
мангольд,1
шиповник,1
тортильи из муки грубого помола,1
несладкий темный шоколад,1
пармская ветчина,-1
белое сухое игристое вино,0
свежий корень имбиря,1
паста гомити рожки,0
листья лимона,1
цветы соли,0
паста из маслин,1
французский чесночный багет,1
фрезелле,1
камамбер,0
голубой сыр,-1
тертый кумин зира,1
хлопья 7 злаков,1
замороженная мексиканская смесь,1
консервированные помидоры кусочками,1
лед,0
творог 18-ный,0
консервированный тунец в оливковом масле,0
сыр твердый тертый,-1
бельгийские эндивий,1
красный перец хлопьями,1
маринованный чеснок,1
желатин в пластинах,0
бульон бонито,0
отрубной квас,1
светлая патока,1
твердый сыр рикотта,0
водоросли хидзики,1
сметана 30-ная,0
персики в сиропе,0
сыр дабл глостер,-1
испанский лук,1
сельдь иваси,0
копченый угорь,-1
сушеный шиповник,1
амчур,1
чоризо,-1
мука,1
подсолнечное масло,1
репчатый красный лук,1
киви золотой,1
кокосовый уксус,1
квас,0
японский майонез,0
фарш из судака,0
домашний майонез,1
пюре из голубики,1
цедра апельсина,1
свиная корейка на кости,0
грибной соус,1
виноград «конкорд»,1
копченый сыр моцарелла,0
ванильный ром,-1
сыр рикотта unagrande,0
грушевый нектар,1
тмин,1
черный рис императорский,1
ванильный йогурт,0
сушеная вишня,1
листья чеснока,1
сода,1
личи,1
китайские пряности «пять специй»,1
куриные сердца,0
адыгейская соль,0
соус из черных бобов,1
черный инжир,1
персиковый нектар,0
яйцо,-1
банановый ликер,0
медовое пиво,-1
заменитель сахара в таблетках,1
салат эскариоль,1
анисовый ликер,0
cыр «альметте» с йогуртом,0
шоколад горький,1
яблочное повидло,1
консервированные артишоки,1
ликер «гран марнье»,0
консервированные осьминоги в масле,-1
маринованный жемчужный лук,1
российский сыр,-1
кальвадос,-1
сок маринованного имбиря,1
турнепс,1
сухой творог,0
ребра ягненка,-1
горошек консервированный,1
морковь по-корейски,1
зеленый салат,1
пеленгас,0
тосканская капуста,1
фруктовый йогурт,0
облепиха,1
усики горошка,1
лимонное сорго,0
имбирное масло,0
мука из полбы,1
уксус рисовый,1
ананас консервированный,1
светлый соевый соус,1
фарш говяжий,-1
творожный крем,0
сливки 9-ные,0
спагетти из твердых сортов пшеницы,1
перец чили или соус табаско,1
перловая крупа,1
пудра сахарная,1
яблоки «апорт»,1
икра красная,-1
печеные каштаны,1
концентрированный лимонный сок,1
киви,1
вода минеральная без газа,1
говяжье легкое,-1
сосиски,0
майонез вегетарианский,0
листья кинзы кориандра,1
уксус яблочный,1
яичный белок,-1
масло для фритюра,0
клетчатка,1
порошок спирулины,1
бисквитное печенье,0
рассыпчатый творог,0
слабосоленая красная рыба,0
тульские пряники,-1
апельсиновый конфитюр,1
телячий бульон,-1
паста из черного кунжута,1
полусухой херес,0
черный душистый перец горошком,1
молотый шафран,0
шоколад белый,0
консервированные мидии,-1
консервированная чечевица,1
соус барбекю с медом,0
коричневый темный сахар,1
анчоусное масло,-1
вермут,0
ежевика,1
пита,-1
севанская форель,-1
хреновуха,0
цветная мини капуста,1
фрукты,1
спельтовая мука,1
апельсиновый кисель,1
орегано,1
желтый горох,1
маринованный папоротник,1
пошехонский сыр,-1
мука безглютеновая,1
нектар агавы,1
розовый перец в рассоле,0
рожки для мороженого,0
копченая говядина,0
булочки для гамбургера,1
кокосовая стружка,1
яблочный конфитюр,1
фасоль романо,1
опята,1
копченая грудинка,-1
красные помидоры черри,1
соленая соломка,0
яблочный отвар,1
зеленый пищевой краситель,1
паста том ям,0
малдонская соль,1
свежемолотый белый перец,1
молотые семена льна,1
карамельный сироп,0
грибы белые,1
рыбный бульон,-1
булочка с розмарином,1
приправа для моркови по-корейски пакетик,1
фетакса,-1
луковый маринад,1
итальянская измельченная петрушка,1
соленые анчоусы,-1
древесные грибы,1
грудка голубя,0
спирулина,1
молотый цикорий,1
листья банана,0
брусничный  соус,1
черная соль,1
копченый палтус,-1
кумкват,1
кофейный ликер,0
квас хлебный,0
зеленая редька,1
кокосовый сироп,1
тертый перец,1
ржаная сеяная мука,1
морская капуста,1
спред,0
сливки 48-ные,0
картошка,1
пикули,0
сушеный укроп,1
крабовые палочки,-1
мясо запеченной цесарки,-1
вода флер доранж,1
китайская капуста,1
лук-батун,1
джусай,1
лапша харусаме,1
красный стручковый перец,1
сливки 34-ные,0
красный виноградный сок,1
чатни из манго,1
маринованный перец,1
персиковое желе,1
сушеные баклажаны,1
свежая мята,1
смесь для выпечки,0
раскрошенные крекеры,0
помело,1
смесь прованские травы,1
бараньи легкие,-1
джикама,1
салатный лук,1
самбука,0
печенье biscoff,0
разноцветные помидоры,1
семечки,1
ром,0
васаби,1
саликорния,1
тортильи,1
молотая паприка,1
смесь специй для рождественского пудинга,1
крахмал картофельный,1
ржаной хлеб с семечками,1
гарам масала,1
цукаты,1
чили-паста с чесноком,1
заварной крем,0
дайкон белый,1
консервированный ананас кольцами,1
кориандр свежий,1
красный вермут,0
анчоусный паштет,-1
зеленый жасминовый чай,1
яйцо куриное,-1
лук сибулет,1
консервированные улитки,0
консервированные трюфели,0
слегка измельченная маца,0
уксус из сидра,1
свиная печень,0
смесь специй для паэльи,1
бобы эдамаме очищенные замороженные,1
уксус 9-ный,1
замороженная ежевика,1
красная коктейльная вишня,0
горубша горячего копчения,0
трюфельное масло,0
смесь пропаренного и дикого риса,1
фисташки дробленые,1
персиковый джем,1
капуста савойская,1
подсолнечные семечки,1
имбирное-манговый соус,1
консервированные помидоры,1
филе пикши,0
говяжий язык,-1
персиковый сок,1
руккола петрушка,1
молотый сушеный лук,1
медовый уксус,-1
вяленая икра минтая,-1
лапша рисовая,1
сыр моцареллабез сычуги,1
овсяные хлопья №1,1
белок пастеризованный,0
кефир 25-ый,0
пестрая травяная соль по-шопски,1
коричневое масло,0
домашний сыр,0
марципановая масса,0
раки,-1
свекольные чипсы,1
лосятина,-1
паштет утиный,-1
фисташки,1
соевый фарш,1
филе морского языка,0
розмарин сухой,1
замороженные опята,1
масло растительное нерафинированное,1
семена кардамона,1
сыр мюнстер,-1
базиликовое масло,1
картофельная мука,1
хлеб из кислого теста,1
приправы,1
повидло,1
пастернак сушеный,1
молотый красный корейский перец,1
крем заварной,0
разрыхлитель теста droetker,1
раковые шейки в томатном соусе,0
сыр рокфор,-1
кокосовое мороженое,1
лимонная цедра,1
латтук,1
утиный жир,-1
фрикадельки,0
масло нерафинированное,1
джем,1
водоросли вакамэ,1
лобстер,-1
свиное соленое сало,0
бараний жир,0
оленья лопатка,-1
ракушечный сок,0
жареные грецкие орехи,0
смесь киноа с булгуром,1
гороховая мука,1
перец чили анчо,1
минеральная вода без газа,1
сыр чеддер,-1
приправа «тако»,1
крем сливочный,0
говяжья диафрагма,-1
конфеты,0
омуль,0
вальдшнеп,0
кока-кола,0
горчица,1
каркаде в пакетиках,1
сыр из домашнего йогурта,0
уксус 5,1
жареные семечки подсолнуха,0
белые кунжутные семечки,1
семга копченая,-1
соль,0
морской гребешок,-1
соус тобадзян,-1
измельченный миндаль,1
копченая куриная грудка,-1
сушеные сморчки,1
геллан,1
горчичный соус,1
сода пищевая,1
льняная мука,1
ветчина брезаола,0
коричневый рис басмати,1
бульон,-1
перец болгарский желтый,1
зеленая стручковая фасоль,1
корейский черный чеснок,1
ажгон,0
соус берблан,0
рыба-меч,-1
сливки взбитые,0
филе индейки,0
кудрявый салат,1
ланспик,0
масло арахисовое,1
огурцы свежие,1
кукурузазамороженная,1
пулярка,0
зеленый лук перо,1
манговое пюре,1
салат мини пак-чой,1
сом,-1
вишня в ликере,0
сыр с плесенью,-1
рыбий жир,-1
замороженная цветная мини капуста,1
пшеница для проращивания,1
мед акациевый,0
диетический творог,0
глинтвейн,0
яблокоочищенное,1
помидоры «биф»,1
тунец консервированный,0
лимонник,1
майоран сухой,1
розовая вода,1
тесто для пасты,1
ирландский виски,0
вяленая говядина,0
кешью,1
тесто слоеное дрожжевое,0
фиолетовая морковь,1
кукурузные чипсы,1
виноград «изабелла»,1
лед в кубиках,0
утиное филе,-1
рисовое вино,1
панчетта,-1
капуста кейл,1
соль розовая,1
гхи,-1
семена лотоса,1
шоколадная крошка,0
филе тунца бонито,-1
маслины без косточек в масле,1
кориандр,1
мука для пасты,0
овощной бульонный кубик,1
сыр камамбер,-1
мука с семечками,1
измельченный свежий тимьян,1
скумбрия горячего копчения,0
мед натуральный,0
микс тоскана «белая дача»,0
среднезерный рис,1
консервированная сельдь,0
оранжевый батат,1
консервированная скумбрия,-1
миндальное пирожное,1
листья винограда в рассоле,1
куриные ножки филе,0
брусника или смородина,1
гусиная печень,-1
сирлойн-стейк,-1
картофельные хлопья,1
розовое шампанское,0
рисовая лапша,1
черешня,1
телятина с мозговой костью,0
консервированные бычки в томате,-1
овсяные хлопья №2,1
груша,1
куриные бедра филе,0
сыр фета с базиликом и вялеными томатами,-1
гарам-масала,1
бульон из креветок,0
консервированные устрицы,-1
смесь грузинских трав,1
грушевое варенье,1
вареная колбаса,-1
лайм сок,1
смесь французских трав,1
миндальное молоко,1
свиное топленое сало,0
канадский бекон,-1
семга,0
океаническая соль,1
горбуша холодного копчения,0
груши «бере боск»,1
сухари панировочные,0
имбирь корень,1
льняные семечки,1
маринованная сельдь,-1
хлебцы из льна,1
красный базилик,1
ананасовый джем,1
перец жгучий,1
черный перец с лимонной цедрой,1
засахаренные консервированные каштаны,0
лук красный,1
початки кукурузы в листьях,1
приправа для моркови по-корейски,1
ягоды смородина,1
порошок чесночный,1
лук репчатый лучше красный,0
брынзабез сычуга,1
паста фарфалле бабочки,0
свекольная ботва,1
мята сушеная,1
голландский сыр,-1
тонкая диафрагма,0
сухие дрожжи droetker,1
итальянские травы,1
красный молотый перец,1
специи для плова,1
золотая текила,0
соус ворчестершир,-1
венские сосиски,-1
кайенский перец,1
кумыс,-1
яблоки сорта ренет симиренко,1
нерафинированное рапсовое масло,1
зеленая стручковая фасоль замороженная,1
сумах молотый,1
свиное ухо,-1
смесь перцев свежесмолотая,1
говяжий стейк,0
молотый кардамон,1
свиная котлета на кости,0
сардельки,0
свиной окорок на кости,0
оливковое масло с травами,1
королевские вешенки,1
творог къалд,0
копченый тунец,-1
шоколадный соус,1
листы теста фило,1
миндальная пудра,1
сыр пекорино романо,-1
сыр «альметте» с белыми грибами,0
сыр таледжио,-1
грушевое пюре,1
перец белый молотый,1
авелук,1
вяленая утка,-1
утиный фарш,-1
тонкие шоколадные вафли,0
козинаки,0
измельченные орех макадамия,0
сыр страккино,0
перец зеленый болгарский,1
ягоды можжевельника,1
фарш палтуса,0
катык,1
имбирный сироп,1
красный винный уксус,1
белая фасоль,1
приправа nomu moroccan,1
мускат флердоранж,1
маринованная капуста,1
кишмиш,1
отрубной хлеб,1
костный мозг,-1
ржаная обдирная мука,1
белые грейпфруты,1
рождественский пудинг,-1
соус spare rib,0
сметана «углече поле» 20,0
пиво,-1
соус «цезарь»,-1
душистый перец горошком,1
сушеные подосиновики,1
свежие ягоды,1
сушеный чернослив,1
икра горбуши,-1
приправа «вегетта»,0
масло подсолнечноенерафинир,1
конфитюр,1
тимьян чабрец,1
агар-агар,1
форель,0
мясные кости,0
цветы настурции,1
филе семги,0
боттарга,0
варено-копченая колбаса,-1
зеленый стручковый перец,1
растительное масло нерафинированное,1
свиной балык,0
капуста краснокочанная,1
консервированные яблоки,1
свежий красный перец,1
цветная паста фузилли,1
панировочные сухари,1
темный шоколад,1
булгур,1
ростки фасоли,1
айвар,1
стейк из баррамунди,0
итальянские сосиски,-1
обезжиренные сливки,0
тимьян сушеный,1
салат кайсо,1
петрушка или сельдерей,1
гречневая мука,1
шоколад молочный,0
соевая мука,1
острая салями,0
булочка для гамбургеров,0
ростки гороха маш,1
брюква,1
филе трески,0
перец чили,1
варенье вишневое,0
ореховый ликер,0
чабер,1
грушевый сок,1
содовая вода,1
нутовый омлет,1
клюква мороженая,1
кожура лимона,1
вареный жасминовый рис,1
сырой кешью,1
лапша сомен,1
кудрявая петрушка,1
ананасовое пюре,1
осьминог охлажденный,0
соленые фисташки,1
печень,-1
икра щуки,-1
гороховая смесь,1
маринованные каперсы,1
кролик,0
абрикосовый урбеч,1
курица гриль,0
свиные копченые ребра,0
стейк из сибаса,0
ореховый хлеб,1
стебли ревеня,1
мягкий творог,0
черствый ржаной хлеб,1
клубничный джем,1
креветка средняя,0
фучжу,0
бедро индейки,0
зелень петрушка укроп сельдерей,1
минеральная вода,1
рис,1
уксус 8-ный,1
кофе со сгущенным молоком,0
мука из бурого риса,1
жидкий подсластитель,1
слабосоленая сельдь,-1
тунец аками,0
тортеллини с сыром,0
подовый хлеб,1
маслины без косточек,1
крыжовник,1
конские кишки,-1
лимонный творог,0
яичный хлеб,-1
личи желированный,1
пальчиковые баклажаны,1
бульон овощной,1
говяжья шейка,0
вяленый инжир,1
перец красный молотый,1
водоросли комбу,1
хлопья овсяные,1
каракатица,0
говяжий гуляш,0
грудинка говяжья,0
пленка из крахмала,1
початки кукурузы,1
лапша цельнозерновая,1
цитрусовое варенье,1
перец кочукару молотый,1
маринованная нерка,0
мускатный орехтертый,1
кявар,-1
грейпфруты,1
зеленая гречка,1
хвост морского черта,0
грибы,1
листья кервеля,1
молотый кумин зира,1
баранья корейка,-1
свиная рулька,0
камбала,-1
виноградный сок,1
телячьи отбивные,-1
голень индейки,-1
пшено,1
китайский острый соус,0
дайкон,1
черный цельнозерновой хлеб,1
урбеч кокосовый,1
лавандовый сироп,1
свежая морковь,1
свекольный соус,1
теллины,1
сливки 22-ные,0
филе сома,0
картофель,1
шоколадный бисквит,0
консервированный грибной суп,1
укроп сушеный,1
обезжиренный мягкий сыр,0
отвар шиповника,1
шоколадный протеин,1
соус calve «сырный цезарь»,0
карамельное мороженое,0
кондитерские украшения,0
рыбные кости,-1
морской черт,-1
сухие водоросли нори,1
соус карри,1
хлопковое масло,1
абрикосовое варенье,1
цыпленок корнишон,0
сироп из глюкозы,1
печенье сдобное,0
белый портвейн,0
кекс,0
замороженные корзиночки из теста фило,1
шоколадное печенье,0
растительное масло холодного отжима,1
свиная лопатка без кости,0
разрыхлитель для теста,1
филе трески горячего копчения,0
семена кориандра,1
филе сибаса,0
сок лимона,1
изюм,1
чача,0
абрикосовые косточки,0
зелень сельдерея,1
уксус,1
морская рыба,-1
подберезовики,1
консервированная фасоль «черный глаз»,1
нектарин,1
консервированные крабы,0
сыр плавленый сливочный,0
болгарский перец зеленый,1
свежемолотый черный перец,1
анисовая водка,0
кукурузные тортильи,1
шербет,1
сыр сливочный,-1
вафельные хлебцы,1
луковая шелуха,1
мясо мраморное вагю,-1
мягкие ириски,0
цедра лайма,1
помидоры разных цветов,1
зеленый консервированный перец чили,1
красная чечевица,1
консервированная сайра в масле,0
ягнятина,0
баранина задняя часть,0
вишневый сок без сахара,1
желтый перец чили,1
сушеная ромашка,1
икра уклейки,-1
яблоки зеленые,1
говядина с костями,0
мушмула,1
консервированные сливочные бобы баттер,1
горячий шоколад,0
лапша из соевой муки,1
белая спаржа,1
соус окономияки,0
чесночный творог,0
молокосухое,-1
неострая пряность чили,0
рыба желтохвост,-1
очищенные грецкие орехи,1
зеленые яблоки,1
лавандовый мед,0
сухой сидр,1
помидоры зеленые,1
урбеч из белого кунжута,1
веганский острый майонез,1
бакинские огурцы,1
котлета из мраморной говядины вагю,0
печень налима,0
красное киноа,1
филе горбоголового луциана,0
смесь проростков,1
арахис,1
салат лолло росса,1
геркулес,1
телячьи кости,-1
коричневый соус hp,0
тыква-спагетти,1
шпроты,0
паста чу-хоу,0
репчатый лук красный,1
орех кедровый,1
соус тартар,0
лапша яичная,-1
кисло-сладкий соус,1
телячья лопатка,-1
сухие сливовые косточки,0
пшеничные отруби,1
соус табаско,0
рубленая петрушка,1
батон,0
острая горчица,1
зобная телячья железа,0
баррамунди,0
сыр «альметте» сливочный,0
перец чесночный,0
перцы острые,1
эстрагоновый уксус,1
гребенчатые креветки,-1
финики,1
кормовая капуста,0
говяжья вырезка,0
свинина,0
мексиканская овощная смесь,1
сок лимонный,1
листья лайма,1
печень индейки,-1
огурец соленый,1
тахини,1
филе баррамунди,0
кошерная говядина,0
пудинг с ванильным вкусом droetker,0
сало свиное,0
корица палочками,1
паста из паприки,1
фасоль белая,1
жидкий фруктовый пектин,1
грибы иноки золотистые,1
острый томатный соус,1
жидкий темный шоколад,0
светлый кукурузный сироп,0
свежая кукуруза,1
клеверный мед,0
маринованный лук,1
сангрита,1
вафельные маргаритки droetker,0
тайские баклажаны,1
молодые початки кукурузы,1
миндальная мука,1
фруктовый чатни,1
перечная мята,1
листья дуба,1
абрикосовый джем,1
паста,1
куриные крылья,0
паста лингвини,1
сладкий мини перец,1
белый хлеб для тостов,0
пастрами,-1
горький миндаль,-1
чеснок сушеный молотый,1
клюква свежая,1
экстракт мяты,1
морепродукты,-1
апельсиновый мармелад,1
кирш,0
французская горчица,0
паста пипе ригате,1
консервированный зеленый горошек,1
зеленый сухой горох,1
лимонад,1
трубач,0
обезжиренный кефир,0
зеленый лук с луковицей,1
специи для маринования,1
cоус jack daniels барбекю,0
кислица,1
белый ром,0
черный маш,1
салями итальянская,-1
пралине,-1
какао-бобы,1
бактериальная закваска,0
слоеное тесто,1
рыбные консервы,-1
маленькие ириски,0
куриные ножки,0
соус хойсин,0
шотландская сельдь,0
уксус бальзамический белый,1
сироп маракуйи,1
лесные орехи,1
клюквенный сироп,1
соус из копченого сыра,0
перец черри,1
сыр фета,-1
микс олимп «белая дача»,0
фасоль белая консервированная,1
базилик петрушка,1
говяжьи ребра,0
ночная фиалка,1
заварной крем-концентрат,0
какао-ликер,1
шоколадный сыр филадельфия,0
сок маракуйи,1
ямайская смесь специй,1
эскалоп из телятины,-1
сербская брынза,-1
кресс-салат,1
сливки 23-ные,0
экстракт апельсина,1
свиное копченое сало,0
заправка для тартара,1
сазан,0
редис с ботвой,1
обезжиренный творог,0
красные сливы,1
желтые яблоки,1
коптильная жидкость,0
петух,0
майоран,1
вишня без косточек,1
замороженные бобы фава,1
овсяные хлопья без глютена,1
бульон из индейки,-1
виноградное масло,1
волнушки,1
пиканья,0
чесночная паста,1
зеленый базилик,1
инжирные персики,1
орехи и семена,1
тыквенное масло,1
консервированные груши в легком сиропе,-1
коппа,0
ананас,1
жидкий ячменный солод,0
капуста пекинская,1
филе барабульки,0
смесь «cheesecake new york style» droetker,0
копченый язык,-1
слабосоленая семга,0
сыр «апетина» в рассоле,0
моллюски,-1
лимонный майонез,1
финик без косточки,1
капуста,1
черника мороженая,1
сыр «альметте»,0
пломбир,0
виноград красный и зеленый,1
черный перец соль,0
горох желтый колотый,1
овсяные хлопьядлительного приготовления,1
капуста брокколи соцветия,1
концентрированное молоко,-1
кешью-паста,1
ванильный крем для торта droetker,0
круглая булочка,0
килька,0
оливковое масло extra virgin,1
зеленая спаржа,1
стерлядь,-1
сухарики,0
смесь итальянских специй,1
абрикосовый нектар,1
ореховый крем,1
консервированные персики,1
смесь тандури-масала,1
анчоусы,-1
тесто вонтон,1
творожный сыр,-1
утиные ножки,-1
красное полусладкое вино,0
грецкие орехи,1
консервированные грибы,1
жимолость,1
печенье из муки грубого помола,1
текила,-1
бисквитная основа для торта шоколадная,1
оливковое масло gaea pgi laconia extra virgin,1
ежевичный джем,1
приправа knorr «шаурма по-домашнему»,0
тюлька,0
икра сельди,-1
жир,0
баранье сало,-1
корень фенхеля,1
сок из лимонов мейера,1
мороженое,0
уцхо-сунели,1
мюнхенские колбаски,-1
аррорут,1
масло какао,1
рапаны,-1
черносмородиновый ликер,0
морской язык,-1
темный изюм,1
смесь специй для птицы,1
льняное масло холодного отжима,1
копченая ветчина на кости,0
греческий йогурт,-1
куриные окорочка,0
белый амур,-1
белая акула,0
рисовая мука,1
молотый шалфей,1
темный сахар мусковадо,1
огуречный соус,1
нутотварной,1
капеллини,0
ячменный хлеб,1
морковь натертая,1
овечий сыр,-1
сельдерей,1
очищенные жаренные каштаны,1
твердый тофу,1
молоко кокосовое сухое,1
перец свежемолотый,1
соевый майонез,1
масло сливочное топленое,-1
ржаной солод,1
кориандр молотый,1
морковьбольшая,1
яблоки кисло-сладкие,1
сок имбирный,1
ткемали,1
черная чечевица,1
сливки 20,0
базилик сушеный,1
виноград без косточек,1
яйцо перепелиное,-1
сахарные карандаши для рисования droetker,0
вяленые яблоки,1
аджика,1
порошок васаби,1
перец чили поблано,1
банан,1
мясо печеной курицы,0
веточки тимьяна,1
замороженные ягоды,1
ламбруско,0
крекеры,1
овечья брынза,-1
жирный свиной фарш,0
корень хрена,1
сельдерей корневой,1
корень пастернака,1
шоколадные вафли,0
липовый мед,0
икра креветки,0
порошок чили,1
зобная железа,0
свежие дрожжи,1
красный рис,1
бездрожжевое слоеное тесто,1
лимонный сироп,1
сметанные лепешки,0
гуакамоле,1
стейк из акулы,0
пиво темное,0
фасоль стручковая зеленая,1
мята,1
рис девзира,1
каштановое пюре,1
мята свежая,1
свежие шампиньоны,1
рисовый уксус для суши,1
шашлык,0
сушеные листья тмина,1
«активия натуральная»,0
миндальный крем,1
желе для торта droetker,0
сок юдзу,1
латук,1
щука,0
лепешки роти,1
сыр «ламбер» 50-ной жирности,0
соус кунг-пао,1
говяжья нога,0
красный перец горошком,1
мясо омара,0
кальмары мини кольцами,0
жидкий цикорий,1
утиная грудка,-1
манная каша,1
консервированные мандарины,1
варено-копченая ветчина,0
яичная лапша,-1
малиновое варенье,1
карась,-1
обезжиренный сыр фета,0
желтый пектин,1
цветы хризантемы,0
ростки гороха,1
мятное мороженое,1
шнапс,0
персики,1
слоеное дрожжевое тесто,0
свежий имбирь,1
паштет из телятины,0
свежие зерна кукурузы,1
макароны,1
рис карнароли,1
грецкие орехи лущеные,1
тыква сквош,1
хамса,0
красные апельсины,1
сыр «альметте» с сыром маасдам,0
овсяная мука,1
филе рыбы,-1
замороженные овощи,1
устрицы,-1
творог,-1
листья базилика,1
сливочный хрен,0
клюквенный джем,1
фарш свиной,0
мультифруктовый сок,1
грибы маринованные,1
пучок кинзы,1
телячьи почки,-1
филе конгрио,-1
замороженная черника,1
измельченные жареные орехи пекан,1
зеленый перец в рассоле,1
плавленый сырок,-1
закваска,1
соль перец черный,1
зеленое манго,1
сыроедческий майонез,1
говяжьи мозги,-1
сыр грана-падано,-1
грудка куриная,0
соус мицукан,1
черный листовой чай,1
консервированные грибы в масле,0
стейк из чилийского сибаса,0
яйцо цесарки,-1
белый бальзамический крем,1
сушеная морковь,1
рябина,1
вяленая клюква,1
шоколад,0
сорбит,1
копченая утиная грудка,-1
белые семена горчицы,1
рис бурый,1
кости лосося,0
черный рисовый уксус,1
соус болоньезе,-1
персиковый йогурт,1
алыча,1
ткемали соус,1
молотый черный перец,1
сухой херес,0
бычки,-1
молоко 25-ое,0
вино красное сухое,0
пальмовый сахар,1
мягкий голубой сыр,0
мандариновый джем,1
свежая кинза кориандр,1
виноградный сироп,1
креветки,0
томатная концентрированная паста,1
сушеные финики,1
саке,-1
сыр шевр,-1
барбарис,1
масло растительное сыродавленное,1
чипсы кукурузные начос,1
перец черный молотый,1
телячьи голени,-1
приправа для овощей,1
паприка молотая зира молотый кориандр,1
копченые устрицы,-1
баранья нога без кости,0
сыр аппенцеллер,-1
питахайя,1
вяленые помидоры в оливковом масле,1
горбуша консервированная в собственном соку,0
редька дайкон,1
подсолнечное масло «слобода» для жарки и салатов,1
молоко 1-ое,0
измельченные помидоры в собственном соку,1
мякоть маракуйи,1
ванильный сахар droetker,1
тикка-масала,0
халва,0
семечки подсолнуха,1
соль с травами,1
декстроза,1
сахарная пудра с корицей,1
меч-рыба,1
овощной сок,1
зеленый ткемали,1
телячий окорок,-1
мясо,0
эритрит,1
мак,0
карамельная паста,0
кукурузное масло,1
головизна красных рыб,0
консервированный ананас кусочками,1
томатный соус с чили,1
сельдерейстебель,1
шпэцле,1
консервированные грибы цаогу,1
филе скумбрии,0
конфеты «коровка»,0
уксус пищевой,1
пиво светлое,0
филе норвежской семги,0
пучок петрушки,1
сахарная глазурь,1
душистый перец,1
молоко кокосовое,1
филе красной рыбы,-1
урюк,1
свиная кровь,0
апельсиновое желе,1
паста из белого трюфеля,0
лапша сливовая,0
соленый арахис,0
листья тмина,0
золотистый мелкий сахар,0
оливковое масло gaea dop kalamata extra virgin,1
сухой перец ньора,1
спаржа зеленая,1
филе страуса,-1
свекла с ботвой,1
сыр маскарпоне unagrande,0
лук зеленый,1
майонез «провансаль»,0
сок из красных апельсинов,1
консервированные сердцевины артишоков,1
бальзамический соус,0
варенье из айвы,1
консервированный тунец,-1
каре теленка,-1
соленые огурцы,0
кардамон,1
свежие листья шпината,1
сухой белок,1
граппа,0
семена фенхеля,1
черный молотый перец,1
свежевыжатый лимонный сок,1
лосось холодного копчения,-1
чесночные чипсы,1
экстракт миндаля,1
перец хлопьями чили,0
лимонный крем,0
сахарная пудра droetker,0
бобы эдамаме,1
мини кукуруза,1
филе утиной грудки,0
огурцы,1
консервированная черешня,1
кисель,1
кокосовая стружка или тертый кокос,1
паста джемелли,0
гренки,0
хала,0
цветочный мед,-1
рубленый шнитт-лук,1
тыквенные семечки,1
лук маринованный,1
сыр грюйер,-1
кашмирский шафран,1
черный чай,1
лаваш,1
филе форели,0
радужная форель,-1
филе окуня,0
свинина тясю,0
паштет,-1
яблоки «ранетка»,1
филе полосатого окуня,0
сырокопченая колбаса,-1
вишневый соус,1
сухое солодовое молоко,0
соус соевый,1
стебель лопуха,1
белый виноград,1
рис басмати,1
рукола,1
маринованные опята,1
филе свиное,0
коричневый бурый рис,1
оливки без косточек gaea kalamata,1
гвоздикамолотая,1
стейк мясника из выдержанного мяса говядины,0
тунец,0
газированная вода,1
молотая шелуха мускатного ореха,1
кунжут,1
сибас,0
фиалковый сироп,1
сушеная черника,1
уксус винный красный,1
масло подсолнечное,1
лущеный горох,1
сладкий консервированный перец,1
вода,1
докторская колбаса,-1
ореховое масло,1
маття,1
миндаль,1
краснокочанная капуста,1
горох,1
семена конопли,1
изюм темный,1
красный сладкий перец,1
свежесваренный кофе,1
макрурус,0
горчица зерновая,1
творог 9,-1
заправка для борща campbells,0
мелкая рыба,0
бараньи почки,-1
красный соус табаско,0
физалис,1
сушеные стебли укропа,1
речной окунь,-1
паста фузилли,0
копченая соль,1
белый лук,1
семена черного лука,1
желе для торта,1
муксун слабосоленый,0
экстракт пандана,1
сливки 33-ные,0
арбузные корки,1
лапша удон,1
крахмал,1
телячий фарш,-1
почки ягнят,-1
лимская фасоль,1
шашлык из куриной грудки,0
паста «бальзам»,0
салат романо «белая дача»,1
моллюски-ножи навахас,0
творожный сырок с изюмом,0
пекан,1
соль перец,0
сироп крем-брюле,0
голубика,1
молотый сушеный розмарин,1
сушеные гребешки,0
перец острый серрано,1
оливковое масло ideal clasico,1
шоколадный крем для торта  droetker,0
копченый сыр чеддер,-1
черничное варенье,1
смесь «четыре специи»,1
соленые крекеры,0
сладкая кокосовая стружка,1
зеленая французская чечевица,1
соус кимчи,1
приправа knorr delikate,0
филе камбалы,0
ягоды асаи,1
авелук сушеный,1
сушеный инжир,1
мука ржаная,1
филе осетра,-1
розовые помидоры,1
тертый сыр пекорино романо,-1
луковое масло,0
огурец крупный,1
карамельный соус,0
вишневый сок,1
свинина копченая,0
филе муксуна,0
ктиайская стручковая фасоль,1
соус chili bean,0
имбирь,1
филе синей зубатки,0
кремообразный зефир,0
бисквитное печенье в шоколаде,0
свежая скумбрия,0
салака,0
специи для яблочного пирога,1
апельсиновый перец,1
филе черной трески,-1
вустерский соус,0
помидоры черри,1
сок яблочный,1
свиной стейк,0
лисички,1
грудка куриная на кости,0
рафинированное масло,1
кость баранья,-1
миндальные лепестки,1
лягушачьи лапки,-1
форель копченая,-1
сыр чеддер для сэндвичей,0
розовый пищевой краситель,1
можжевельник,1
чипсы рисовые,1
лепешки «тако»,1
сыр проволоне,-1
земляные орехи,1
ореховая крошка,1
измельченный укроп,1
хлопья соли,0
копченый лосось,-1
крупный сахар,0
чай,1
тростниковый сахар,1
замороженное пюре из красной смородины,1
фариновый сахар,1
рис отварной для суши,1
листья зеленого базилика,1
кленовый сироп,1
помидоры консервированные,1
филе сельди,-1
мука грубого помола с разрыхлителем,0
сыр козья брынза,-1
соус унаги,0
рис пропаренный,1
сушеное манго,1
свиные отбивные на косточке,0
острый соус барбекю,1
черная патока,1
розовый перец,1
куриный фарш,-1
масло оливковоехолодного отжима,1
кукурузный сироп,1
мука пшеничнаяцельнозерновая,1
каштаны,1
манная крупа,1
замороженные стебли ревеня,1
смородина,1
темный квас,0
паста феттучини,0
красная рыба,-1
рапсовое масло,1
корица с сахаром,0
лавандовый сахар,1
свиная копченая рулька,0
мускатный орех молотый,1
приправа kotani bbq,0
консервированные виноградные листья,1
сухие дрожжи,1
булочка,-1
ризони,0
салатная смесь,1
оранжевая папайя,1
подсластитель,1
бисквитная крошка,0
маринованные помидоры,0
печенье песочное,0
шотландский острый перец,0
лепешки пиде,1
орегано сухой,1
чипсы из молочного шоколада,-1
миндальная эссенция,1
маринованные креветки,0
сливки кокосовыежирное кокосовое молоко,1
вино,0
стейк из лосося,-1
груши «анжу»,1
листовой чай earl grey,1
белые трюфели,-1
консервированный перец,1
крутоны,1
куриное яйцо крупное,-1
семена фенугрека,1
соевый ванильный йогурт,1
зеленые помидоры,1
бзилик,1
загуститель для сливок droetker,0
грудка утиная копченая,-1
сушеные кальмары,-1
филе рыбы-черт,0
кровяная колбаса,-1
соль перец черный молотый,0
карамелизованные фиалки,1
шелушенный рис басмати,1
паприка молотая,1
семена калонджи,1
рафинированное оливковое масло,1
соус терияки для вока,1
тортеллини,-1
смесь для шоколадных маффинов droetker,0
сливочный крем,-1
перец розовый,1
соус айоли,0
тесто брик,0
салат «айсберг»,1
бедра цесарки,0
брюшки семги,0
тюлипное тесто,0
порошок баобаба,1
лист бамбука,1
блинчики сулугуни,0
вишневый ликер,0
консервированный жареный перец,1
свежий эстрагон,1
белый мелкий сахар,1
ликер «калуа»,0
смесь специй для пряников,1
мисо паста,1
масло холодного отжима,1
мука из тапиоки,1
фунчоза,1
сыр дор-блю,-1
мастиха,-1
светлое пиво,0
перец халапеньо,1
замороженная брюссельская капуста,1
ливер,-1
кунжутный убреч,1
консервированное манго,1
сыр брынза,-1
сыр эпуас,-1
белый японский уксус,1
капуста цветная,1
молотый миндаль,1
замороженная облепиха,1
оливковое трюфельное масло,1
маринованный красный тофу,1
лепешка пшеничная,1
белые грибы,-1
капуста красная,1
икра морских ежей,0
грибы шиитаке,1
маринованные мини артишоки,1
филе пеленгаса,0
фруктовый шербет,1
эстрагон,1
соус «магги würze»,0
шоколадная стружка,1
кагор,-1
замороженный зеленый горошек,1
франкфуртский сосиски,-1
лимоны сок,1
черная консервированная  фасоль,1
ячневая крупа,1
ананасовый сок,1
куриный жир,-1
жареный кунжут,1
сок свежего апельсина,1
тесто для пельменей гедза,1
отварная гречка,1
концентрированный ягодный сок,1
филе ската,-1
лепешка пападам,1
виски,0
петрушка веточки,1
проростки киноа,1
уксус 9,1
приправа для блюд из картофеля,1
инжир в собственном соку,1
кварк,0
сливки 15-ные,0
грузди,-1
перец болгарский,1
красный пищевой краситель,1
листья хрена,1
кешью жареный,1
дорада,0
грейпфрутовый мармелад,1
икра палтуса,0
мини овощи,1
малиновый мед,0
бараний фарш,-1
приправа «5 специй»,1
сахар,0
черный перец горошком,1
рис жасмин,1
мак пищевой,1
соус якинику,1
галангал,1
марсала,0
говядина без кости,0
топленое масло,-1
судак,-1
яблочный сок с мякотью,1
соленые претцели,1
сыр эмменталь,-1
сушеный шалфей,1
соевый соус «киккоман»,1
розовое сухое вино,0
тунец бонито,0
патока,1
замороженная кукуруза,1
соус цитронет,1
малиновый джем,1
горькое миндальное масло,0
угорь копченый,-1
очищенные семена тыквы,1
консервированный красный перец,1
кокосовый ароматизатор,1
сироп кленовый,1
соус шисо,1
ростбиф,0
сыр манчего,-1
простокваша или ряженка,0
дробленый горох,1
куриные потроха,-1
вяленые помидоры,1
бычий хвост,-1
тарамасалата,1
party mix «белая дача»,0
брусничное варенье,1
кунжут белый,1
арманьяк,0
сидр,1
черный чай с лимоном в пакетиках,1
